[Summary: 23655 unused-variable warnings omitted; full log is under out/]
/srv/home/yuechunsun/tools/lean/research/sail-binary-reduction/vendor/sail/bin/sail -dprofile -verbose 1 -memo_z3 \
        -lean --lean-force-output \
        -lean_output_dir lean -o armv9 \
        -undefined_gen \
        -memo-z3 \
        -lean-noncomputable \
        -lean-line-width 100000 \
        -lean-force-output \
        -lean-import-file lean/ArmExtras.lean \
        src/prelude.sail src/decode_start.sail src/builtins.sail src/v8_base.sail src/stubs.sail src/interrupts.sail src/interface.sail src/devices.sail src/impdefs.sail src/mem.sail src/sysregs_autogen.sail src/sysregs.sail src/reset.sail src/instrs32.sail src/instrs64.sail src/instrs64_sve.sail src/instrs64_sme.sail src/decode_end.sail src/fetch.sail src/map_clauses.sail src/event_clauses.sail  \
        src/termination_measures.sail
Warning: Deprecated src/v8_base.sail:2141.61-74:
2141 |val read_gpr : forall 'n, 0 <= 'n <= 30. int('n) -> bits(64) effect {rreg}
     |                                                             ^-----------^
     | 
Explicit effect annotations are deprecated. They are no longer used and can be removed.

Warning: Deprecated src/mem.sail:45.4-73:
45 |  = { ocaml: "Platform.read_mem", c: "platform_read_mem", _: "read_mem" }
   |    ^-------------------------------------------------------------------^
   | 
All external bindings should be marked as either pure or impure








Warning: Duplicate function type definition for max_int
src/prelude.sail:86.4-11:
86 |val max_int : forall 'n 'm. (int('n), int('m)) -> {'o, ('n <= 'm & 'o == 'm) | ('n > 'm & 'o == 'n). int('o)}
   |    ^-----^
   | This duplicate definition is being ignored!
   | /srv/home/yuechunsun/tools/lean/research/sail-binary-reduction/vendor/sail/share/sail/lib/arith.sail:226.4-11:
   | 226 |val max_int = pure {
   |     |    ^-----^ previous definition here




















































































































































Warning: Redundant type annotation on assignment to tmp src/v8_base.sail:3563.4-19:
3563 |    tmp : FPCR_Type = Mk_FPCR_Type(tmp.bits & not_vec(0xfffffffff80040f8));
     |    ^-------------^
     | 
Type is already known



Warning: Redundant type annotation on assignment to tmp src/v8_base.sail:3629.4-20:
3629 |    tmp : FPSCR_Type = Mk_FPSCR_Type(tmp.bits & not_vec(ZeroExtend(0x6060, 32)));
     |    ^--------------^
     | 
Type is already known

























































Warning: Redundant type annotation on assignment to tc src/v8_base.sail:5459.8-20:
5459 |        tc : bits(2) = PMEVTYPER_EL0[n][TC][1 .. 0];
     |        ^----------^
     | 
Type is already known





Warning: Redundant type annotation on assignment to TS_el2 src/v8_base.sail:5528.8-24:
5528 |        TS_el2 : bits(2) = BRBCR_EL2[TS];
     |        ^--------------^
     | 
Type is already known







Warning: Redundant case src/v8_base.sail:5704.6-7:
5704 |      _ => {
     |      ^
     | 
This match case is never used















Warning: Incomplete pattern match statement at src/v8_base.sail:6328.4-9:
6328 |    match mode {
     |    ^---^
     | 
No expression of type bitvector(5) can be matched by unguarded patterns.
This is the type of the expression being matched on.



















Warning: Redundant type annotation on assignment to vl src/v8_base.sail:6918.4-12:
6918 |    vl : int = (vl + 1) * 128;
     |    ^------^
     | 
Type is already known

Warning: Redundant type annotation on assignment to nbits src/v8_base.sail:6943.4-15:
6943 |    nbits : int = 128;
     |    ^---------^
     | 
Type is already known







Warning: Redundant type annotation on assignment to vl src/v8_base.sail:6984.4-12:
6984 |    vl : int = (vl + 1) * 128;
     |    ^------^
     | 
Type is already known





























Warning: Redundant case src/v8_base.sail:7982.6-7:
7982 |      _ => {
     |      ^
     | 
This match case is never used

































































Warning: Redundant type annotation on assignment to trap src/v8_base.sail:10783.8-19:
10783 |        trap : bool = false;
      |        ^---------^
      | 
Type is already known











Warning: Redundant case src/v8_base.sail:11360.6-7:
11360 |      _ => {
      |      ^
      | 
This match case is never used



Warning: Redundant case src/v8_base.sail:11420.6-7:
11420 |      _ => {
      |      ^
      | 
This match case is never used

























Warning: Redundant case src/v8_base.sail:12388.6-7:
12388 |      _ => {
      |      ^
      | 
This match case is never used

Warning: Redundant case src/v8_base.sail:12432.6-7:
12432 |      _ => {
      |      ^
      | 
This match case is never used

Warning: Redundant case src/v8_base.sail:12454.6-7:
12454 |      _ => {
      |      ^
      | 
This match case is never used























Warning: Redundant type annotation on assignment to a src/v8_base.sail:13126.12-19:
13126 |            a : int = (((a >> 1)) << 1);
      |            ^-----^
      | 
Type is already known

Warning: Redundant type annotation on assignment to real_val src/v8_base.sail:13130.8-23:
13130 |        real_val : real = sqrt(real_val);
      |        ^-------------^
      | 
Type is already known

Warning: Redundant type annotation on assignment to real_val src/v8_base.sail:13131.8-23:
13131 |        real_val : real = real_val * Real(2 ^ 47);
      |        ^-------------^
      | 
Type is already known

Warning: Redundant type annotation on assignment to round_up src/v8_base.sail:13134.8-23:
13134 |        round_up : bool = error > 0.5;
      |        ^-------------^
      | 
Type is already known

Warning: Redundant type annotation on assignment to int_val src/v8_base.sail:13139.8-21:
13139 |        int_val : int = RoundDown(real_val);
      |        ^-----------^
      | 
Type is already known



























Warning: Redundant type annotation on assignment to int_result src/v8_base.sail:17483.8-24:
17483 |        int_result : int = RoundDown(value_name);
      |        ^--------------^
      | 
Type is already known

Warning: Redundant type annotation on assignment to int_result src/v8_base.sail:17556.8-24:
17556 |        int_result : int = RoundDown(value_name);
      |        ^--------------^
      | 
Type is already known

Warning: Redundant type annotation on assignment to error src/v8_base.sail:17557.8-20:
17557 |        error : real = value_name - Real(int_result);
      |        ^----------^
      | 
Type is already known





































Warning: Redundant type annotation on assignment to imask src/v8_base.sail:18301.8-23:
18301 |        imask : bits(1) = CNTV_CTL_EL0[IMASK];
      |        ^-------------^
      | 
Type is already known





Warning: Redundant type annotation on assignment to n src/v8_base.sail:18350.8-15:
18350 |        n : int = UInt(CNTHCTL_EL2[EVNTI]);
      |        ^-----^
      | 
Type is already known



Warning: Redundant type annotation on assignment to n src/v8_base.sail:18401.8-15:
18401 |        n : int = UInt(CNTKCTL_EL1[EVNTI]);
      |        ^-----^
      | 
Type is already known

Warning: Redundant case src/v8_base.sail:18903.6-7:
18903 |      _ => {
      |      ^
      | 
This match case is never used

Warning: Redundant case src/v8_base.sail:18936.10-11:
18936 |          _ => {
      |          ^
      | 
This match case is never used





Warning: Redundant case src/v8_base.sail:19579.6-7:
19579 |      _ => {
      |      ^
      | 
This match case is never used

Warning: Redundant case src/v8_base.sail:19609.6-7:
19609 |      _ => {
      |      ^
      | 
This match case is never used

Warning: Redundant case src/v8_base.sail:19653.6-7:
19653 |      _ => {
      |      ^
      | 
This match case is never used

Warning: Redundant case src/v8_base.sail:19682.6-7:
19682 |      _ => {
      |      ^
      | 
This match case is never used

Warning: Redundant case src/v8_base.sail:19700.6-7:
19700 |      _ => {
      |      ^
      | 
This match case is never used

Warning: Redundant case src/v8_base.sail:19743.6-7:
19743 |      _ => {
      |      ^
      | 
This match case is never used

Warning: Redundant case src/v8_base.sail:19779.6-7:
19779 |      _ => {
      |      ^
      | 
This match case is never used

Warning: Redundant case src/v8_base.sail:19985.10-11:
19985 |          _ => {
      |          ^
      | 
This match case is never used

Warning: Redundant case src/v8_base.sail:20003.10-11:
20003 |          _ => {
      |          ^
      | 
This match case is never used

Warning: Redundant case src/v8_base.sail:20023.6-7:
20023 |      _ => {
      |      ^
      | 
This match case is never used

Warning: Redundant case src/v8_base.sail:20077.6-7:
20077 |      _ => {
      |      ^
      | 
This match case is never used

Warning: Redundant case src/v8_base.sail:20102.6-7:
20102 |      _ => {
      |      ^
      | 
This match case is never used

Warning: Redundant case src/v8_base.sail:20281.6-7:
20281 |      _ => {
      |      ^
      | 
This match case is never used































Warning: Redundant type annotation on assignment to roundkey src/v8_base.sail:21476.4-23:
21476 |    roundkey : bits(64) = EOR(modk0, runningmod);
      |    ^-----------------^
      | 
Type is already known

Warning: Redundant type annotation on assignment to workingval src/v8_base.sail:21477.4-25:
21477 |    workingval : bits(64) = EOR(workingval, roundkey);
      |    ^-------------------^
      | 
Type is already known

Warning: Redundant type annotation on assignment to workingval src/v8_base.sail:21478.4-25:
21478 |    workingval : bits(64) = PACCellShuffle(workingval);
      |    ^-------------------^
      | 
Type is already known

Warning: Redundant type annotation on assignment to workingval src/v8_base.sail:21479.4-25:
21479 |    workingval : bits(64) = PACMult(workingval);
      |    ^-------------------^
      | 
Type is already known

Warning: Redundant type annotation on assignment to workingval src/v8_base.sail:21485.4-25:
21485 |    workingval : bits(64) = PACCellShuffle(workingval);
      |    ^-------------------^
      | 
Type is already known

Warning: Redundant type annotation on assignment to workingval src/v8_base.sail:21486.4-25:
21486 |    workingval : bits(64) = PACMult(workingval);
      |    ^-------------------^
      | 
Type is already known

Warning: Redundant type annotation on assignment to workingval src/v8_base.sail:21487.4-25:
21487 |    workingval : bits(64) = EOR(key1, workingval);
      |    ^-------------------^
      | 
Type is already known

Warning: Redundant type annotation on assignment to workingval src/v8_base.sail:21488.4-25:
21488 |    workingval : bits(64) = PACCellInvShuffle(workingval);
      |    ^-------------------^
      | 
Type is already known

Warning: Redundant type annotation on assignment to workingval src/v8_base.sail:21494.4-25:
21494 |    workingval : bits(64) = PACMult(workingval);
      |    ^-------------------^
      | 
Type is already known

Warning: Redundant type annotation on assignment to workingval src/v8_base.sail:21495.4-25:
21495 |    workingval : bits(64) = PACCellInvShuffle(workingval);
      |    ^-------------------^
      | 
Type is already known

Warning: Redundant type annotation on assignment to workingval src/v8_base.sail:21496.4-25:
21496 |    workingval : bits(64) = EOR(workingval, key0);
      |    ^-------------------^
      | 
Type is already known

Warning: Redundant type annotation on assignment to workingval src/v8_base.sail:21497.4-25:
21497 |    workingval : bits(64) = EOR(workingval, runningmod);
      |    ^-------------------^
      | 
Type is already known













































Warning: Redundant type annotation on assignment to ipa src/v8_base.sail:24742.8-31:
24742 |        ipa : AddressDescriptor = CreateAddressDescriptor(va_in, oa, memattrs);
      |        ^---------------------^
      | 
Type is already known









Warning: Redundant case src/v8_base.sail:25715.10-11:
25715 |          _ => {
      |          ^
      | 
This match case is never used









Warning: Redundant type annotation on assignment to s2startlevel src/v8_base.sail:26410.8-26:
26410 |        s2startlevel : int = FINAL_LEVEL - DIV(iasize - 1 - granulebits, stride);
      |        ^----------------^
      | 
Type is already known

Warning: Redundant case src/v8_base.sail:26472.6-7:
26472 |      _ => {
      |      ^
      | 
This match case is never used

Warning: Redundant case src/v8_base.sail:26541.6-7:
26541 |      _ => {
      |      ^
      | 
This match case is never used



Warning: Redundant case src/v8_base.sail:27140.14-15:
27140 |              _ => {
      |              ^
      | 
This match case is never used

Warning: Redundant case src/v8_base.sail:27487.14-15:
27487 |              _ => {
      |              ^
      | 
This match case is never used

Warning: Redundant type annotation on assignment to memstatus src/v8_base.sail:28133.8-36:
28133 |        memstatus : PhysMemRetStatus = PhysMemWrite(memaddrdesc, halfsize, accdesc, None(), lowhalf);
      |        ^--------------------------^
      | 
Type is already known

Warning: Redundant case src/v8_base.sail:28409.6-7:
28409 |      _ => ()
      |      ^
      | 
This match case is never used







Warning: Redundant type annotation on assignment to except src/v8_base.sail:29225.8-32:
29225 |        except : ExceptionRecord = ExceptionSyndrome(Exception_AdvSIMDFPAccessTrap);
      |        ^----------------------^
      | 
Type is already known

Warning: Redundant type annotation on assignment to value_name src/v8_base.sail:31101.8-25:
31101 |        value_name : real = Abs(value_name);
      |        ^---------------^
      | 
Type is already known





















Warning: Redundant type annotation on assignment to route_to_el2 src/v8_base.sail:33793.8-27:
33793 |        route_to_el2 : bool = false;
      |        ^-----------------^
      | 
Type is already known

Warning: Redundant type annotation on assignment to except src/v8_base.sail:33800.12-36:
33800 |            except : ExceptionRecord = ExceptionSyndrome(Exception_SupervisorCall);
      |            ^----------------------^
      | 
Type is already known

Warning: Redundant type annotation on assignment to except src/v8_base.sail:33841.8-32:
33841 |        except : ExceptionRecord = ExceptionSyndrome(Exception_MonitorCall);
      |        ^----------------------^
      | 
Type is already known











Warning: Redundant type annotation on assignment to new_byte src/v8_base.sail:34693.8-26:
34693 |        new_byte : bits(8) = EOR(EOR(__SPE_LFSR[16 .. 9], __SPE_LFSR[21 .. 14]), __SPE_LFSR[22 .. 15]);
      |        ^----------------^
      | 
Type is already known





















Warning: Redundant type annotation on assignment to sync_errors src/v8_base.sail:35696.8-26:
35696 |        sync_errors : bool = SCTLR_read__1()[IESB] == 0b1;
      |        ^----------------^
      | 
Type is already known

Warning: Redundant type annotation on assignment to end_address_name src/v8_base.sail:36245.4-31:
36245 |    end_address_name : bits(64) = start_address + range[63 .. 0];
      |    ^-------------------------^
      | 
Type is already known

Warning: Redundant type annotation on assignment to end_address_name src/v8_base.sail:36287.4-31:
36287 |    end_address_name : bits(64) = start_address + range[63 .. 0];
      |    ^-------------------------^
      | 
Type is already known

























Warning: Redundant type annotation on assignment to ipa src/v8_base.sail:39001.8-31:
39001 |        ipa : AddressDescriptor = undefined;
      |        ^---------------------^
      | 
Type is already known













































Warning: Redundant type annotation on assignment to match_word src/v8_base.sail:40577.8-29:
40577 |        match_word : bits(32) = Zeros(32);
      |        ^-------------------^
      | 
Type is already known







Warning: Redundant type annotation on assignment to hcptr_tase src/v8_base.sail:41606.12-32:
41606 |            hcptr_tase : bits(1) = HCPTR_read()[TASE];
      |            ^------------------^
      | 
Type is already known

Warning: Redundant type annotation on assignment to hcptr_cp10 src/v8_base.sail:41607.12-32:
41607 |            hcptr_cp10 : bits(1) = HCPTR_read()[TCP10];
      |            ^------------------^
      | 
Type is already known

Warning: Redundant type annotation on assignment to except src/v8_base.sail:41618.16-40:
41618 |                except : ExceptionRecord = ExceptionSyndrome(Exception_AdvSIMDFPAccessTrap);
      |                ^----------------------^
      | 
Type is already known

Warning: Redundant type annotation on assignment to cpacr_asedis src/v8_base.sail:41668.8-30:
41668 |        cpacr_asedis : bits(1) = CPACR_read__1()[ASEDIS];
      |        ^--------------------^
      | 
Type is already known

Warning: Redundant type annotation on assignment to cpacr_cp10 src/v8_base.sail:41669.8-28:
41669 |        cpacr_cp10 : bits(2) = CPACR_read__1()[cp10];
      |        ^------------------^
      | 
Type is already known

Warning: Redundant type annotation on assignment to except src/v8_base.sail:42948.8-32:
42948 |        except : ExceptionRecord = ExceptionSyndrome(Exception_SupervisorCall);
      |        ^----------------------^
      | 
Type is already known

Warning: Redundant type annotation on assignment to route_to_el2 src/v8_base.sail:43025.8-27:
43025 |        route_to_el2 : bool = false;
      |        ^-----------------^
      | 
Type is already known

Warning: Redundant type annotation on assignment to except src/v8_base.sail:43030.12-36:
43030 |            except : ExceptionRecord = ExceptionSyndrome(Exception_SupervisorCall);
      |            ^----------------------^
      | 
Type is already known

Warning: Redundant type annotation on assignment to except src/v8_base.sail:43094.12-36:
43094 |            except : ExceptionRecord = ExceptionSyndrome(Exception_WFxTrap);
      |            ^----------------------^
      | 
Type is already known



































































































































































































































































































































































































































































































































































































































































































































































































































































































































Warning: Redundant type annotation on assignment to tmp src/v8_base.sail:53775.4-24:
53775 |    tmp : SCTLR_EL1_Type = Mk_SCTLR_EL1_Type(tmp.bits & not_vec(ZeroExtend(0x400020000, 64)));
      |    ^------------------^
      | 
Type is already known

Warning: Redundant type annotation on assignment to tmp src/v8_base.sail:53925.4-31:
53925 |    tmp : ID_AA64ISAR0_EL1_Type = Mk_ID_AA64ISAR0_EL1_Type(tmp.bits & not_vec(ZeroExtend(0xf, 64)));
      |    ^-------------------------^
      | 
Type is already known

Warning: Redundant type annotation on assignment to tmp src/v8_base.sail:54471.4-26:
54471 |    tmp : FPEXC32_EL2_Type = Mk_FPEXC32_EL2_Type(tmp.bits & not_vec(0xffffffff9bfff860) | ZeroExtend(0x700, 64));
      |    ^--------------------^
      | 
Type is already known

Warning: Redundant type annotation on assignment to tmp src/v8_base.sail:54917.4-23:
54917 |    tmp : PMCR_EL0_Type = Mk_PMCR_EL0_Type(tmp.bits & not_vec(0xfffffffe00000506));
      |    ^-----------------^
      | 
Type is already known

Warning: Redundant type annotation on assignment to tmp src/v8_base.sail:55155.4-22:
55155 |    tmp : SCR_EL3_Type = Mk_SCR_EL3_Type(tmp.bits & not_vec(0xb744000001c00040) | ZeroExtend(0x30, 64));
      |    ^----------------^
      | 
Type is already known

Warning: Redundant type annotation on assignment to tmp src/v8_base.sail:55366.4-26:
55366 |    tmp : MPAMIDR_EL1_Type = Mk_MPAMIDR_EL1_Type(tmp.bits & not_vec(0xc1ffff00ffe10000));
      |    ^--------------------^
      | 
Type is already known

Warning: Redundant type annotation on assignment to tmp src/v8_base.sail:55603.4-26:
55603 |    tmp : PMSEVFR_EL1_Type = Mk_PMSEVFR_EL1_Type(tmp.bits & not_vec(ZeroExtend(0xffff00000001, 64)));
      |    ^--------------------^
      | 
Type is already known

Warning: Redundant type annotation on assignment to tmp src/v8_base.sail:55693.4-27:
55693 |    tmp : PMSNEVFR_EL1_Type = Mk_PMSNEVFR_EL1_Type(tmp.bits & not_vec(ZeroExtend(0xffff00000001, 64)));
      |    ^---------------------^
      | 
Type is already known

Warning: Redundant type annotation on assignment to tmp src/v8_base.sail:56030.4-20:
56030 |    tmp : HCPTR_Type = Mk_HCPTR_Type(tmp.bits & not_vec(ZeroExtend(0xccc4000, 32)));
      |    ^--------------^
      | 
Type is already known

Warning: Redundant type annotation on assignment to tmp src/v8_base.sail:56177.4-19:
56177 |    tmp : PMCR_Type = Mk_PMCR_Type(tmp.bits & not_vec(ZeroExtend(0x506, 32)));
      |    ^-------------^
      | 
Type is already known

Warning: Redundant type annotation on assignment to tmp src/v8_base.sail:56631.4-21:
56631 |    tmp : HSCTLR_Type = Mk_HSCTLR_Type(tmp.bits & not_vec(ZeroExtend(0x20200, 32)));
      |    ^---------------^
      | 
Type is already known

Warning: Redundant type annotation on assignment to tmp src/v8_base.sail:56677.4-20:
56677 |    tmp : CPACR_Type = Mk_CPACR_Type(tmp.bits & not_vec(0x4c0cffff));
      |    ^--------------^
      | 
Type is already known

Warning: Redundant type annotation on assignment to tmp src/v8_base.sail:56704.4-20:
56704 |    tmp : SCTLR_Type = Mk_SCTLR_Type(tmp.bits & not_vec(ZeroExtend(0x20000, 32)));
      |    ^--------------^
      | 
Type is already known

Warning: Redundant type annotation on assignment to tmp src/v8_base.sail:56718.4-20:
56718 |    tmp : SCTLR_Type = Mk_SCTLR_Type(tmp.bits & not_vec(ZeroExtend(0x20000, 32)));
      |    ^--------------^
      | 
Type is already known

Warning: Redundant type annotation on assignment to tmp src/v8_base.sail:56732.4-20:
56732 |    tmp : SCTLR_Type = Mk_SCTLR_Type(tmp.bits & not_vec(ZeroExtend(0x20000, 32)));
      |    ^--------------^
      | 
Type is already known




















Warning: Redundant type annotation on assignment to address src/instrs32.sail:40966.8-26:
40966 |        address : bits(32) = if increment_name then R_read(n) else
      |        ^----------------^
      | 
Type is already known

Warning: Redundant type annotation on assignment to address src/instrs32.sail:41036.8-26:
41036 |        address : bits(32) = if increment_name then R_read(n) else
      |        ^----------------^
      | 
Type is already known

Warning: Redundant type annotation on assignment to psr_val src/instrs32.sail:41095.8-26:
41095 |        psr_val : bits(32) = GetPSRFromPSTATE(AArch32_NonDebugState, 32) & mask;
      |        ^----------------^
      | 
Type is already known

Warning: Redundant type annotation on assignment to address src/instrs32.sail:41579.8-26:
41579 |        address : bits(32) = if increment_name then R_read(n) else R_read(n) - 8;
      |        ^----------------^
      | 
Type is already known

Warning: Redundant type annotation on assignment to address src/instrs32.sail:41905.8-26:
41905 |        address : bits(32) = if increment_name then R_read(n) else
      |        ^----------------^
      | 
Type is already known

Warning: Redundant type annotation on assignment to sync_errors src/instrs32.sail:42716.8-26:
42716 |        sync_errors : bool = HaveIESB() & SCTLR_EL3[IESB] == 0b1;
      |        ^----------------^
      | 
Type is already known


Warning: Redundant case src/instrs64.sail:10363.6-7:
10363 |      _ => {
      |      ^
      | 
This match case is never used

Warning: Redundant type annotation on assignment to fltval src/instrs64.sail:14276.10-31:
14276 |          fltval : bits('fsize) = if merge then V_read(d, fsize) else
      |          ^-------------------^
      | 
Type is already known

Warning: Redundant type annotation on assignment to fltval src/instrs64.sail:16863.10-31:
16863 |          fltval : bits('fsize) = if merge then V_read(d, fsize) else
      |          ^-------------------^
      | 
Type is already known

Warning: Redundant type annotation on assignment to address src/instrs64.sail:30562.4-22:
30562 |    address : bits(64) = address + offset;
      |    ^----------------^
      | 
Type is already known

Warning: Redundant type annotation on assignment to address src/instrs64.sail:30606.4-22:
30606 |    address : bits(64) = Align(address, size);
      |    ^----------------^
      | 
Type is already known

Warning: Redundant type annotation on assignment to data1 src/instrs64.sail:31028.10-33:
31028 |          data1 : bits('datasize) = Mem_read(address + 0, dbytes, accdesc);
      |          ^---------------------^
      | 
Type is already known

Warning: Redundant type annotation on assignment to data2 src/instrs64.sail:31029.10-33:
31029 |          data2 : bits('datasize) = Mem_read(address + dbytes, dbytes, accdesc);
      |          ^---------------------^
      | 
Type is already known

Warning: Redundant type annotation on assignment to data1 src/instrs64.sail:31183.10-33:
31183 |          data1 : bits('datasize) = Mem_read(address + 0, dbytes, accdesc);
      |          ^---------------------^
      | 
Type is already known

Warning: Redundant type annotation on assignment to data2 src/instrs64.sail:31184.10-33:
31184 |          data2 : bits('datasize) = Mem_read(address + dbytes, dbytes, accdesc);
      |          ^---------------------^
      | 
Type is already known

Warning: Redundant type annotation on assignment to address src/instrs64.sail:36419.4-22:
36419 |    address : bits(64) = address + offset;
      |    ^----------------^
      | 
Type is already known

Warning: Redundant type annotation on assignment to address src/instrs64.sail:50819.4-22:
50819 |    address : bits(64) = Align(address, size);
      |    ^----------------^
      | 
Type is already known

Warning: Redundant type annotation on assignment to address src/instrs64.sail:51381.4-22:
51381 |    address : bits(64) = Align(address, size);
      |    ^----------------^
      | 
Type is already known

Warning: Redundant type annotation on assignment to operand2 src/instrs64.sail:51475.4-23:
51475 |    operand2 : bits(64) = SignExtend(operand2[55 .. 0], 64);
      |    ^-----------------^
      | 
Type is already known

Warning: Redundant type annotation on assignment to operand2 src/instrs64.sail:51515.4-23:
51515 |    operand2 : bits(64) = SignExtend(operand2[55 .. 0], 64);
      |    ^-----------------^
      | 
Type is already known



Warning: Redundant type annotation on assignment to vec src/instrs64_sme.sail:14081.4-13:
14081 |    vec : int = vec - MOD(vec, 2);
      |    ^-------^
      | 
Type is already known

Warning: Redundant type annotation on assignment to vec src/instrs64_sme.sail:14161.4-13:
14161 |    vec : int = vec - MOD(vec, 2);
      |    ^-------^
      | 
Type is already known

Warning: Redundant type annotation on assignment to vec src/instrs64_sme.sail:14241.4-13:
14241 |    vec : int = vec - MOD(vec, 2);
      |    ^-------^
      | 
Type is already known

Warning: Redundant type annotation on assignment to vec src/instrs64_sme.sail:14321.4-13:
14321 |    vec : int = vec - MOD(vec, 2);
      |    ^-------^
      | 
Type is already known

Warning: Redundant type annotation on assignment to vec src/instrs64_sme.sail:14401.4-13:
14401 |    vec : int = vec - MOD(vec, 2);
      |    ^-------^
      | 
Type is already known

Warning: Redundant type annotation on assignment to vec src/instrs64_sme.sail:14481.4-13:
14481 |    vec : int = vec - MOD(vec, 2);
      |    ^-------^
      | 
Type is already known

Warning: Redundant type annotation on assignment to vec src/instrs64_sme.sail:14561.4-13:
14561 |    vec : int = vec - MOD(vec, 2);
      |    ^-------^
      | 
Type is already known

Warning: Redundant type annotation on assignment to vec src/instrs64_sme.sail:14641.4-13:
14641 |    vec : int = vec - MOD(vec, 2);
      |    ^-------^
      | 
Type is already known

Warning: Redundant type annotation on assignment to vec src/instrs64_sme.sail:14721.4-13:
14721 |    vec : int = vec - MOD(vec, 2);
      |    ^-------^
      | 
Type is already known

Warning: Redundant type annotation on assignment to vec src/instrs64_sme.sail:14801.4-13:
14801 |    vec : int = vec - MOD(vec, 2);
      |    ^-------^
      | 
Type is already known

Warning: Redundant type annotation on assignment to vec src/instrs64_sme.sail:14882.4-13:
14882 |    vec : int = vec - MOD(vec, 2);
      |    ^-------^
      | 
Type is already known

Warning: Redundant type annotation on assignment to vec src/instrs64_sme.sail:14968.4-13:
14968 |    vec : int = vec - MOD(vec, 2);
      |    ^-------^
      | 
Type is already known

Warning: Redundant type annotation on assignment to vec src/instrs64_sme.sail:15054.4-13:
15054 |    vec : int = vec - MOD(vec, 2);
      |    ^-------^
      | 
Type is already known

Warning: Redundant type annotation on assignment to vec src/instrs64_sme.sail:15140.4-13:
15140 |    vec : int = vec - MOD(vec, 2);
      |    ^-------^
      | 
Type is already known

Warning: Redundant type annotation on assignment to vec src/instrs64_sme.sail:15226.4-13:
15226 |    vec : int = vec - MOD(vec, 2);
      |    ^-------^
      | 
Type is already known

Warning: Redundant type annotation on assignment to vec src/instrs64_sme.sail:15312.4-13:
15312 |    vec : int = vec - MOD(vec, 2);
      |    ^-------^
      | 
Type is already known

Warning: Redundant type annotation on assignment to vec src/instrs64_sme.sail:15397.4-13:
15397 |    vec : int = vec - MOD(vec, 2);
      |    ^-------^
      | 
Type is already known

Warning: Redundant type annotation on assignment to vec src/instrs64_sme.sail:15477.4-13:
15477 |    vec : int = vec - MOD(vec, 2);
      |    ^-------^
      | 
Type is already known

Warning: Redundant type annotation on assignment to vec src/instrs64_sme.sail:15557.4-13:
15557 |    vec : int = vec - MOD(vec, 2);
      |    ^-------^
      | 
Type is already known

Warning: Redundant type annotation on assignment to vec src/instrs64_sme.sail:15637.4-13:
15637 |    vec : int = vec - MOD(vec, 2);
      |    ^-------^
      | 
Type is already known

Warning: Redundant type annotation on assignment to vec src/instrs64_sme.sail:15717.4-13:
15717 |    vec : int = vec - MOD(vec, 2);
      |    ^-------^
      | 
Type is already known

Warning: Redundant type annotation on assignment to vec src/instrs64_sme.sail:15798.4-13:
15798 |    vec : int = vec - MOD(vec, 2);
      |    ^-------^
      | 
Type is already known

Warning: Redundant type annotation on assignment to vec src/instrs64_sme.sail:15884.4-13:
15884 |    vec : int = vec - MOD(vec, 2);
      |    ^-------^
      | 
Type is already known

Warning: Redundant type annotation on assignment to vec src/instrs64_sme.sail:15970.4-13:
15970 |    vec : int = vec - MOD(vec, 2);
      |    ^-------^
      | 
Type is already known

Warning: Redundant type annotation on assignment to vec src/instrs64_sme.sail:16055.4-13:
16055 |    vec : int = vec - MOD(vec, 2);
      |    ^-------^
      | 
Type is already known

Warning: Redundant type annotation on assignment to vec src/instrs64_sme.sail:16135.4-13:
16135 |    vec : int = vec - MOD(vec, 2);
      |    ^-------^
      | 
Type is already known

Warning: Redundant type annotation on assignment to vec src/instrs64_sme.sail:16215.4-13:
16215 |    vec : int = vec - MOD(vec, 2);
      |    ^-------^
      | 
Type is already known

Warning: Redundant type annotation on assignment to vec src/instrs64_sme.sail:16295.4-13:
16295 |    vec : int = vec - MOD(vec, 2);
      |    ^-------^
      | 
Type is already known

Warning: Redundant type annotation on assignment to vec src/instrs64_sme.sail:16375.4-13:
16375 |    vec : int = vec - MOD(vec, 2);
      |    ^-------^
      | 
Type is already known

Warning: Redundant type annotation on assignment to vec src/instrs64_sme.sail:16456.4-13:
16456 |    vec : int = vec - MOD(vec, 2);
      |    ^-------^
      | 
Type is already known

Warning: Redundant type annotation on assignment to vec src/instrs64_sme.sail:16542.4-13:
16542 |    vec : int = vec - MOD(vec, 2);
      |    ^-------^
      | 
Type is already known

Warning: Redundant type annotation on assignment to vec src/instrs64_sme.sail:16628.4-13:
16628 |    vec : int = vec - MOD(vec, 2);
      |    ^-------^
      | 
Type is already known

Warning: Redundant type annotation on assignment to vec src/instrs64_sme.sail:23805.4-13:
23805 |    vec : int = vec - MOD(vec, 4);
      |    ^-------^
      | 
Type is already known

Warning: Redundant type annotation on assignment to vec src/instrs64_sme.sail:23887.4-13:
23887 |    vec : int = vec - MOD(vec, 4);
      |    ^-------^
      | 
Type is already known

Warning: Redundant type annotation on assignment to vec src/instrs64_sme.sail:23969.4-13:
23969 |    vec : int = vec - MOD(vec, 4);
      |    ^-------^
      | 
Type is already known

Warning: Redundant type annotation on assignment to vec src/instrs64_sme.sail:24051.4-13:
24051 |    vec : int = vec - MOD(vec, 4);
      |    ^-------^
      | 
Type is already known

Warning: Redundant type annotation on assignment to vec src/instrs64_sme.sail:24133.4-13:
24133 |    vec : int = vec - MOD(vec, 4);
      |    ^-------^
      | 
Type is already known

Warning: Redundant type annotation on assignment to vec src/instrs64_sme.sail:24212.4-13:
24212 |    vec : int = vec - MOD(vec, 4);
      |    ^-------^
      | 
Type is already known

Warning: Redundant type annotation on assignment to vec src/instrs64_sme.sail:24294.4-13:
24294 |    vec : int = vec - MOD(vec, 4);
      |    ^-------^
      | 
Type is already known

Warning: Redundant type annotation on assignment to vec src/instrs64_sme.sail:24376.4-13:
24376 |    vec : int = vec - MOD(vec, 4);
      |    ^-------^
      | 
Type is already known

Warning: Redundant type annotation on assignment to vec src/instrs64_sme.sail:24458.4-13:
24458 |    vec : int = vec - MOD(vec, 4);
      |    ^-------^
      | 
Type is already known

Warning: Redundant type annotation on assignment to vec src/instrs64_sme.sail:24540.4-13:
24540 |    vec : int = vec - MOD(vec, 4);
      |    ^-------^
      | 
Type is already known

Warning: Redundant type annotation on assignment to vec src/instrs64_sme.sail:24619.4-13:
24619 |    vec : int = vec - MOD(vec, 4);
      |    ^-------^
      | 
Type is already known

Warning: Redundant type annotation on assignment to vec src/instrs64_sme.sail:24701.4-13:
24701 |    vec : int = vec - MOD(vec, 4);
      |    ^-------^
      | 
Type is already known

Warning: Redundant type annotation on assignment to vec src/instrs64_sme.sail:24783.4-13:
24783 |    vec : int = vec - MOD(vec, 4);
      |    ^-------^
      | 
Type is already known

Warning: Redundant type annotation on assignment to vec src/instrs64_sme.sail:24865.4-13:
24865 |    vec : int = vec - MOD(vec, 4);
      |    ^-------^
      | 
Type is already known

Warning: Redundant type annotation on assignment to vec src/instrs64_sme.sail:24947.4-13:
24947 |    vec : int = vec - MOD(vec, 4);
      |    ^-------^
      | 
Type is already known

Warning: Redundant type annotation on assignment to vec src/instrs64_sme.sail:25026.4-13:
25026 |    vec : int = vec - MOD(vec, 4);
      |    ^-------^
      | 
Type is already known

Warning: Redundant type annotation on assignment to vec src/instrs64_sme.sail:25105.4-13:
25105 |    vec : int = vec - MOD(vec, 4);
      |    ^-------^
      | 
Type is already known

Warning: Redundant type annotation on assignment to vec src/instrs64_sme.sail:25187.4-13:
25187 |    vec : int = vec - MOD(vec, 4);
      |    ^-------^
      | 
Type is already known

Warning: Redundant type annotation on assignment to vec src/instrs64_sme.sail:25269.4-13:
25269 |    vec : int = vec - MOD(vec, 4);
      |    ^-------^
      | 
Type is already known

Warning: Redundant type annotation on assignment to vec src/instrs64_sme.sail:25351.4-13:
25351 |    vec : int = vec - MOD(vec, 4);
      |    ^-------^
      | 
Type is already known

Warning: Redundant type annotation on assignment to vec src/instrs64_sme.sail:25433.4-13:
25433 |    vec : int = vec - MOD(vec, 4);
      |    ^-------^
      | 
Type is already known

Warning: Redundant type annotation on assignment to vec src/instrs64_sme.sail:25512.4-13:
25512 |    vec : int = vec - MOD(vec, 4);
      |    ^-------^
      | 
Type is already known

Warning: Redundant type annotation on assignment to vec src/instrs64_sme.sail:25594.4-13:
25594 |    vec : int = vec - MOD(vec, 4);
      |    ^-------^
      | 
Type is already known

Warning: Redundant type annotation on assignment to vec src/instrs64_sme.sail:25676.4-13:
25676 |    vec : int = vec - MOD(vec, 4);
      |    ^-------^
      | 
Type is already known

Warning: Redundant type annotation on assignment to vec src/instrs64_sme.sail:25758.4-13:
25758 |    vec : int = vec - MOD(vec, 4);
      |    ^-------^
      | 
Type is already known

Warning: Redundant type annotation on assignment to vec src/instrs64_sme.sail:25840.4-13:
25840 |    vec : int = vec - MOD(vec, 4);
      |    ^-------^
      | 
Type is already known

Warning: Redundant type annotation on assignment to vec src/instrs64_sme.sail:25919.4-13:
25919 |    vec : int = vec - MOD(vec, 4);
      |    ^-------^
      | 
Type is already known

Warning: Redundant type annotation on assignment to vec src/instrs64_sme.sail:25999.4-13:
25999 |    vec : int = vec - MOD(vec, 4);
      |    ^-------^
      | 
Type is already known

Warning: Redundant type annotation on assignment to vec src/instrs64_sme.sail:26083.4-13:
26083 |    vec : int = vec - MOD(vec, 4);
      |    ^-------^
      | 
Type is already known

Warning: Redundant type annotation on assignment to vec src/instrs64_sme.sail:26167.4-13:
26167 |    vec : int = vec - MOD(vec, 4);
      |    ^-------^
      | 
Type is already known

Warning: Redundant type annotation on assignment to vec src/instrs64_sme.sail:26251.4-13:
26251 |    vec : int = vec - MOD(vec, 4);
      |    ^-------^
      | 
Type is already known

Warning: Redundant type annotation on assignment to vec src/instrs64_sme.sail:26335.4-13:
26335 |    vec : int = vec - MOD(vec, 4);
      |    ^-------^
      | 
Type is already known

Warning: Redundant type annotation on assignment to vec src/instrs64_sme.sail:26419.4-13:
26419 |    vec : int = vec - MOD(vec, 4);
      |    ^-------^
      | 
Type is already known

Warning: Redundant type annotation on assignment to vec src/instrs64_sme.sail:26503.4-13:
26503 |    vec : int = vec - MOD(vec, 4);
      |    ^-------^
      | 
Type is already known

Warning: Redundant type annotation on assignment to vec src/instrs64_sme.sail:26587.4-13:
26587 |    vec : int = vec - MOD(vec, 4);
      |    ^-------^
      | 
Type is already known

Warning: Redundant type annotation on assignment to vec src/instrs64_sme.sail:26671.4-13:
26671 |    vec : int = vec - MOD(vec, 4);
      |    ^-------^
      | 
Type is already known

Warning: Redundant type annotation on assignment to vec src/instrs64_sme.sail:26755.4-13:
26755 |    vec : int = vec - MOD(vec, 4);
      |    ^-------^
      | 
Type is already known

Warning: Redundant type annotation on assignment to vec src/instrs64_sme.sail:26839.4-13:
26839 |    vec : int = vec - MOD(vec, 4);
      |    ^-------^
      | 
Type is already known

Warning: Redundant type annotation on assignment to vec src/instrs64_sme.sail:26923.4-13:
26923 |    vec : int = vec - MOD(vec, 4);
      |    ^-------^
      | 
Type is already known

Warning: Redundant type annotation on assignment to vec src/instrs64_sme.sail:27007.4-13:
27007 |    vec : int = vec - MOD(vec, 4);
      |    ^-------^
      | 
Type is already known

Warning: Redundant type annotation on assignment to vec src/instrs64_sme.sail:27091.4-13:
27091 |    vec : int = vec - MOD(vec, 4);
      |    ^-------^
      | 
Type is already known

Warning: Redundant type annotation on assignment to vec src/instrs64_sme.sail:27175.4-13:
27175 |    vec : int = vec - MOD(vec, 4);
      |    ^-------^
      | 
Type is already known

Warning: Redundant type annotation on assignment to vec src/instrs64_sme.sail:27259.4-13:
27259 |    vec : int = vec - MOD(vec, 4);
      |    ^-------^
      | 
Type is already known

Warning: Redundant type annotation on assignment to vec src/instrs64_sme.sail:27343.4-13:
27343 |    vec : int = vec - MOD(vec, 4);
      |    ^-------^
      | 
Type is already known

Warning: Redundant type annotation on assignment to vec src/instrs64_sme.sail:27427.4-13:
27427 |    vec : int = vec - MOD(vec, 4);
      |    ^-------^
      | 
Type is already known

Warning: Redundant type annotation on assignment to vec src/instrs64_sme.sail:27511.4-13:
27511 |    vec : int = vec - MOD(vec, 4);
      |    ^-------^
      | 
Type is already known

Warning: Redundant type annotation on assignment to vec src/instrs64_sme.sail:27595.4-13:
27595 |    vec : int = vec - MOD(vec, 4);
      |    ^-------^
      | 
Type is already known

Warning: Redundant type annotation on assignment to vec src/instrs64_sme.sail:27679.4-13:
27679 |    vec : int = vec - MOD(vec, 4);
      |    ^-------^
      | 
Type is already known

Warning: Redundant type annotation on assignment to vec src/instrs64_sme.sail:27763.4-13:
27763 |    vec : int = vec - MOD(vec, 4);
      |    ^-------^
      | 
Type is already known

Warning: Redundant type annotation on assignment to vec src/instrs64_sme.sail:27847.4-13:
27847 |    vec : int = vec - MOD(vec, 4);
      |    ^-------^
      | 
Type is already known

Warning: Redundant type annotation on assignment to vec src/instrs64_sme.sail:27931.4-13:
27931 |    vec : int = vec - MOD(vec, 4);
      |    ^-------^
      | 
Type is already known

Warning: Redundant type annotation on assignment to vec src/instrs64_sme.sail:28015.4-13:
28015 |    vec : int = vec - MOD(vec, 4);
      |    ^-------^
      | 
Type is already known

Warning: Redundant type annotation on assignment to vec src/instrs64_sme.sail:28099.4-13:
28099 |    vec : int = vec - MOD(vec, 4);
      |    ^-------^
      | 
Type is already known

Warning: Redundant type annotation on assignment to vec src/instrs64_sme.sail:28183.4-13:
28183 |    vec : int = vec - MOD(vec, 4);
      |    ^-------^
      | 
Type is already known

Warning: Redundant type annotation on assignment to vec src/instrs64_sme.sail:28267.4-13:
28267 |    vec : int = vec - MOD(vec, 4);
      |    ^-------^
      | 
Type is already known

Warning: Redundant type annotation on assignment to vec src/instrs64_sme.sail:28351.4-13:
28351 |    vec : int = vec - MOD(vec, 4);
      |    ^-------^
      | 
Type is already known

Warning: Redundant type annotation on assignment to vec src/instrs64_sme.sail:28435.4-13:
28435 |    vec : int = vec - MOD(vec, 4);
      |    ^-------^
      | 
Type is already known

Warning: Redundant type annotation on assignment to vec src/instrs64_sme.sail:28518.4-13:
28518 |    vec : int = vec - MOD(vec, 2);
      |    ^-------^
      | 
Type is already known

Warning: Redundant type annotation on assignment to vec src/instrs64_sme.sail:28596.4-13:
28596 |    vec : int = vec - MOD(vec, 2);
      |    ^-------^
      | 
Type is already known

Warning: Redundant type annotation on assignment to vec src/instrs64_sme.sail:28674.4-13:
28674 |    vec : int = vec - MOD(vec, 2);
      |    ^-------^
      | 
Type is already known

Warning: Redundant type annotation on assignment to vec src/instrs64_sme.sail:28752.4-13:
28752 |    vec : int = vec - MOD(vec, 2);
      |    ^-------^
      | 
Type is already known

Warning: Redundant type annotation on assignment to vec src/instrs64_sme.sail:28830.4-13:
28830 |    vec : int = vec - MOD(vec, 2);
      |    ^-------^
      | 
Type is already known

Warning: Redundant type annotation on assignment to vec src/instrs64_sme.sail:28908.4-13:
28908 |    vec : int = vec - MOD(vec, 2);
      |    ^-------^
      | 
Type is already known

Warning: Redundant type annotation on assignment to vec src/instrs64_sme.sail:28986.4-13:
28986 |    vec : int = vec - MOD(vec, 2);
      |    ^-------^
      | 
Type is already known

Warning: Redundant type annotation on assignment to vec src/instrs64_sme.sail:29064.4-13:
29064 |    vec : int = vec - MOD(vec, 2);
      |    ^-------^
      | 
Type is already known

Warning: Redundant type annotation on assignment to vec src/instrs64_sme.sail:29142.4-13:
29142 |    vec : int = vec - MOD(vec, 2);
      |    ^-------^
      | 
Type is already known

Warning: Redundant type annotation on assignment to vec src/instrs64_sme.sail:29220.4-13:
29220 |    vec : int = vec - MOD(vec, 2);
      |    ^-------^
      | 
Type is already known

Warning: Redundant type annotation on assignment to vec src/instrs64_sme.sail:29298.4-13:
29298 |    vec : int = vec - MOD(vec, 2);
      |    ^-------^
      | 
Type is already known

Warning: Redundant type annotation on assignment to vec src/instrs64_sme.sail:29376.4-13:
29376 |    vec : int = vec - MOD(vec, 2);
      |    ^-------^
      | 
Type is already known

Warning: Redundant type annotation on assignment to vec src/instrs64_sme.sail:29454.4-13:
29454 |    vec : int = vec - MOD(vec, 2);
      |    ^-------^
      | 
Type is already known

Warning: Redundant type annotation on assignment to vec src/instrs64_sme.sail:29532.4-13:
29532 |    vec : int = vec - MOD(vec, 2);
      |    ^-------^
      | 
Type is already known

Warning: Redundant type annotation on assignment to vec src/instrs64_sme.sail:29610.4-13:
29610 |    vec : int = vec - MOD(vec, 2);
      |    ^-------^
      | 
Type is already known

Warning: Redundant type annotation on assignment to vec src/instrs64_sme.sail:29688.4-13:
29688 |    vec : int = vec - MOD(vec, 2);
      |    ^-------^
      | 
Type is already known

Warning: Redundant type annotation on assignment to vec src/instrs64_sme.sail:29766.4-13:
29766 |    vec : int = vec - MOD(vec, 2);
      |    ^-------^
      | 
Type is already known

Warning: Redundant type annotation on assignment to vec src/instrs64_sme.sail:29844.4-13:
29844 |    vec : int = vec - MOD(vec, 2);
      |    ^-------^
      | 
Type is already known

Warning: Redundant type annotation on assignment to vec src/instrs64_sme.sail:29922.4-13:
29922 |    vec : int = vec - MOD(vec, 2);
      |    ^-------^
      | 
Type is already known

Warning: Redundant type annotation on assignment to vec src/instrs64_sme.sail:30000.4-13:
30000 |    vec : int = vec - MOD(vec, 2);
      |    ^-------^
      | 
Type is already known

Warning: Redundant type annotation on assignment to vec src/instrs64_sme.sail:30079.4-13:
30079 |    vec : int = vec - MOD(vec, 2);
      |    ^-------^
      | 
Type is already known

Warning: Redundant type annotation on assignment to vec src/instrs64_sme.sail:30163.4-13:
30163 |    vec : int = vec - MOD(vec, 2);
      |    ^-------^
      | 
Type is already known

Warning: Redundant type annotation on assignment to vec src/instrs64_sme.sail:30247.4-13:
30247 |    vec : int = vec - MOD(vec, 2);
      |    ^-------^
      | 
Type is already known

Warning: Redundant type annotation on assignment to vec src/instrs64_sme.sail:30331.4-13:
30331 |    vec : int = vec - MOD(vec, 2);
      |    ^-------^
      | 
Type is already known

Warning: Redundant type annotation on assignment to vec src/instrs64_sme.sail:30415.4-13:
30415 |    vec : int = vec - MOD(vec, 2);
      |    ^-------^
      | 
Type is already known

Warning: Redundant type annotation on assignment to vec src/instrs64_sme.sail:30499.4-13:
30499 |    vec : int = vec - MOD(vec, 2);
      |    ^-------^
      | 
Type is already known

Warning: Redundant type annotation on assignment to vec src/instrs64_sme.sail:30583.4-13:
30583 |    vec : int = vec - MOD(vec, 2);
      |    ^-------^
      | 
Type is already known

Warning: Redundant type annotation on assignment to vec src/instrs64_sme.sail:30667.4-13:
30667 |    vec : int = vec - MOD(vec, 2);
      |    ^-------^
      | 
Type is already known

Warning: Redundant type annotation on assignment to vec src/instrs64_sme.sail:30751.4-13:
30751 |    vec : int = vec - MOD(vec, 2);
      |    ^-------^
      | 
Type is already known

Warning: Redundant type annotation on assignment to vec src/instrs64_sme.sail:30835.4-13:
30835 |    vec : int = vec - MOD(vec, 2);
      |    ^-------^
      | 
Type is already known

Warning: Redundant type annotation on assignment to vec src/instrs64_sme.sail:30919.4-13:
30919 |    vec : int = vec - MOD(vec, 2);
      |    ^-------^
      | 
Type is already known

Warning: Redundant type annotation on assignment to vec src/instrs64_sme.sail:31003.4-13:
31003 |    vec : int = vec - MOD(vec, 2);
      |    ^-------^
      | 
Type is already known

Warning: Redundant type annotation on assignment to vec src/instrs64_sme.sail:36831.4-13:
36831 |    vec : int = vec - MOD(vec, nvec);
      |    ^-------^
      | 
Type is already known

Warning: Redundant type annotation on assignment to vec src/instrs64_sme.sail:36892.4-13:
36892 |    vec : int = vec - MOD(vec, nvec);
      |    ^-------^
      | 
Type is already known

Warning: Redundant type annotation on assignment to vec src/instrs64_sme.sail:36953.4-13:
36953 |    vec : int = vec - MOD(vec, nvec);
      |    ^-------^
      | 
Type is already known

Warning: Redundant type annotation on assignment to vec src/instrs64_sme.sail:37014.4-13:
37014 |    vec : int = vec - MOD(vec, nvec);
      |    ^-------^
      | 
Type is already known

Warning: Redundant type annotation on assignment to vec src/instrs64_sme.sail:37075.4-13:
37075 |    vec : int = vec - MOD(vec, nvec);
      |    ^-------^
      | 
Type is already known

Warning: Redundant type annotation on assignment to vec src/instrs64_sme.sail:37136.4-13:
37136 |    vec : int = vec - MOD(vec, nvec);
      |    ^-------^
      | 
Type is already known








Profiled type checking: 138.176237s
  SMT calls: 157774, SMT time: 20.062061s
Warning: Unnecessary mutability src/v8_base.sail:4102.4-20:
4102 |    effective_nse_ns : bits(2) = undefined;
     |    ^--------------^
     | 
This variable is mutable, but it is never modified. It could be declared as immutable using 'let'.

Warning: Unnecessary mutability src/v8_base.sail:4951.4-6:
4951 |    ss : SecurityState = CurrentSecurityState();
     |    ^^
     | 
This variable is mutable, but it is never modified. It could be declared as immutable using 'let'.

Warning: Unnecessary mutability src/v8_base.sail:4943.4-8:
4943 |    sccd : bits(1) = undefined;
     |    ^--^
     | 
This variable is mutable, but it is never modified. It could be declared as immutable using 'let'.

Warning: Unnecessary mutability src/v8_base.sail:4942.4-8:
4942 |    hpmd : bits(1) = undefined;
     |    ^--^
     | 
This variable is mutable, but it is never modified. It could be declared as immutable using 'let'.

Warning: Unnecessary mutability src/v8_base.sail:4941.4-8:
4941 |    hccd : bits(1) = undefined;
     |    ^--^
     | 
This variable is mutable, but it is never modified. It could be declared as immutable using 'let'.

Warning: Unnecessary mutability src/v8_base.sail:4940.4-6:
4940 |    dp : bits(1) = undefined;
     |    ^^
     | 
This variable is mutable, but it is never modified. It could be declared as immutable using 'let'.

Warning: Unnecessary mutability src/v8_base.sail:5426.4-6:
5426 |    Vp : bool = undefined;
     |    ^^
     | 
This variable is mutable, but it is never modified. It could be declared as immutable using 'let'.

Warning: Unnecessary mutability src/v8_base.sail:6397.4-10:
6397 |    offset : int = undefined;
     |    ^----^
     | 
This variable is mutable, but it is never modified. It could be declared as immutable using 'let'.

Warning: Unnecessary mutability src/v8_base.sail:6704.4-13:
6704 |    is_direct : bool = undefined;
     |    ^-------^
     | 
This variable is mutable, but it is never modified. It could be declared as immutable using 'let'.

Warning: Unnecessary mutability src/v8_base.sail:7754.4-6:
7754 |    ss : SecurityState = undefined;
     |    ^^
     | 
This variable is mutable, but it is never modified. It could be declared as immutable using 'let'.

Warning: Unnecessary mutability src/v8_base.sail:8161.4-20:
8161 |    effective_nse_ns : bits(2) = undefined;
     |    ^--------------^
     | 
This variable is mutable, but it is never modified. It could be declared as immutable using 'let'.

Warning: Unnecessary mutability src/v8_base.sail:8438.4-7:
8438 |    spd : bits(2) = undefined;
     |    ^-^
     | 
This variable is mutable, but it is never modified. It could be declared as immutable using 'let'.

Warning: Unnecessary mutability src/v8_base.sail:8437.4-8:
8437 |    mask : bits(1) = undefined;
     |    ^--^
     | 
This variable is mutable, but it is never modified. It could be declared as immutable using 'let'.

Warning: Unnecessary mutability src/v8_base.sail:8511.4-8:
8511 |    mask : bits(1) = undefined;
     |    ^--^
     | 
This variable is mutable, but it is never modified. It could be declared as immutable using 'let'.

Warning: Unnecessary mutability src/v8_base.sail:10213.4-18:
10213 |    increment_name : int = undefined;
      |    ^------------^
      | 
This variable is mutable, but it is never modified. It could be declared as immutable using 'let'.

Warning: Unnecessary mutability src/v8_base.sail:10212.4-18:
10212 |    exception_exit : bool = undefined;
      |    ^------------^
      | 
This variable is mutable, but it is never modified. It could be declared as immutable using 'let'.

Warning: Unnecessary mutability src/v8_base.sail:10211.4-8:
10211 |    ctrl : bits(2) = undefined;
      |    ^--^
      | 
This variable is mutable, but it is never modified. It could be declared as immutable using 'let'.

Warning: Unnecessary mutability src/v8_base.sail:10554.4-7:
10554 |    opc : bits(4) = undefined;
      |    ^-^
      | 
This variable is mutable, but it is never modified. It could be declared as immutable using 'let'.

Warning: Unnecessary mutability src/v8_base.sail:10571.4-7:
10571 |    op2 : bits(3) = undefined;
      |    ^-^
      | 
This variable is mutable, but it is never modified. It could be declared as immutable using 'let'.

Warning: Unnecessary mutability src/v8_base.sail:10570.4-7:
10570 |    CRm : bits(4) = undefined;
      |    ^-^
      | 
This variable is mutable, but it is never modified. It could be declared as immutable using 'let'.

Warning: Unnecessary mutability src/v8_base.sail:10612.4-8:
10612 |    cond : bits(4) = undefined;
      |    ^--^
      | 
This variable is mutable, but it is never modified. It could be declared as immutable using 'let'.

Warning: Unnecessary mutability src/v8_base.sail:10775.4-9:
10775 |    sctlr : SCTLRType = undefined;
      |    ^---^
      | 
This variable is mutable, but it is never modified. It could be declared as immutable using 'let'.

Warning: Unnecessary mutability src/v8_base.sail:13055.4-5:
13055 |    a : int = a_in;
      |    ^
      | 
This variable is mutable, but it is never modified. It could be declared as immutable using 'let'.

Warning: Unnecessary mutability src/v8_base.sail:13083.4-27:
13083 |    increasedprecision_name : bool = undefined;
      |    ^---------------------^
      | 
This variable is mutable, but it is never modified. It could be declared as immutable using 'let'.

Warning: Unnecessary mutability src/v8_base.sail:13082.4-12:
13082 |    estimate : int = undefined;
      |    ^------^
      | 
This variable is mutable, but it is never modified. It could be declared as immutable using 'let'.

Warning: Unnecessary mutability src/v8_base.sail:13133.8-13:
13133 |        error : real = real_val - Real(int_val);
      |        ^---^
      | 
This variable is mutable, but it is never modified. It could be declared as immutable using 'let'.

Warning: Unnecessary mutability src/v8_base.sail:13157.4-27:
13157 |    increasedprecision_name : bool = undefined;
      |    ^---------------------^
      | 
This variable is mutable, but it is never modified. It could be declared as immutable using 'let'.

Warning: Unnecessary mutability src/v8_base.sail:13156.4-12:
13156 |    estimate : int = undefined;
      |    ^------^
      | 
This variable is mutable, but it is never modified. It could be declared as immutable using 'let'.

Warning: Unnecessary mutability src/v8_base.sail:13238.4-9:
13238 |    imm8h : bits(8) = undefined;
      |    ^---^
      | 
This variable is mutable, but it is never modified. It could be declared as immutable using 'let'.

Warning: Unnecessary mutability src/v8_base.sail:13237.4-9:
13237 |    imm8g : bits(8) = undefined;
      |    ^---^
      | 
This variable is mutable, but it is never modified. It could be declared as immutable using 'let'.

Warning: Unnecessary mutability src/v8_base.sail:13236.4-9:
13236 |    imm8f : bits(8) = undefined;
      |    ^---^
      | 
This variable is mutable, but it is never modified. It could be declared as immutable using 'let'.

Warning: Unnecessary mutability src/v8_base.sail:13235.4-9:
13235 |    imm8e : bits(8) = undefined;
      |    ^---^
      | 
This variable is mutable, but it is never modified. It could be declared as immutable using 'let'.

Warning: Unnecessary mutability src/v8_base.sail:13234.4-9:
13234 |    imm8d : bits(8) = undefined;
      |    ^---^
      | 
This variable is mutable, but it is never modified. It could be declared as immutable using 'let'.

Warning: Unnecessary mutability src/v8_base.sail:13233.4-9:
13233 |    imm8c : bits(8) = undefined;
      |    ^---^
      | 
This variable is mutable, but it is never modified. It could be declared as immutable using 'let'.

Warning: Unnecessary mutability src/v8_base.sail:13232.4-9:
13232 |    imm8b : bits(8) = undefined;
      |    ^---^
      | 
This variable is mutable, but it is never modified. It could be declared as immutable using 'let'.

Warning: Unnecessary mutability src/v8_base.sail:13231.4-9:
13231 |    imm8a : bits(8) = undefined;
      |    ^---^
      | 
This variable is mutable, but it is never modified. It could be declared as immutable using 'let'.

Warning: Unnecessary mutability src/v8_base.sail:13230.4-9:
13230 |    imm32 : bits(32) = undefined;
      |    ^---^
      | 
This variable is mutable, but it is never modified. It could be declared as immutable using 'let'.

Warning: Unnecessary mutability src/v8_base.sail:14529.4-10:
14529 |    except : ExceptionRecord = undefined;
      |    ^----^
      | 
This variable is mutable, but it is never modified. It could be declared as immutable using 'let'.

Warning: Unnecessary mutability src/v8_base.sail:14980.4-16:
14980 |    route_to_el2 : bool = undefined;
      |    ^----------^
      | 
This variable is mutable, but it is never modified. It could be declared as immutable using 'let'.

Warning: Unnecessary mutability src/v8_base.sail:15015.4-16:
15015 |    route_to_el2 : bool = undefined;
      |    ^----------^
      | 
This variable is mutable, but it is never modified. It could be declared as immutable using 'let'.

Warning: Unnecessary mutability src/v8_base.sail:15517.4-10:
15517 |    is_ase : bool = undefined;
      |    ^----^
      | 
This variable is mutable, but it is never modified. It could be declared as immutable using 'let'.

Warning: Unnecessary mutability src/v8_base.sail:15579.4-10:
15579 |    is_ase : bool = undefined;
      |    ^----^
      | 
This variable is mutable, but it is never modified. It could be declared as immutable using 'let'.

Warning: Unnecessary mutability src/v8_base.sail:15948.4-10:
15948 |    frac64 : bits(52) = undefined;
      |    ^----^
      | 
This variable is mutable, but it is never modified. It could be declared as immutable using 'let'.

Warning: Unnecessary mutability src/v8_base.sail:15947.4-10:
15947 |    frac16 : bits(10) = undefined;
      |    ^----^
      | 
This variable is mutable, but it is never modified. It could be declared as immutable using 'let'.

Warning: Unnecessary mutability src/v8_base.sail:15946.4-9:
15946 |    exp64 : bits(11) = undefined;
      |    ^---^
      | 
This variable is mutable, but it is never modified. It could be declared as immutable using 'let'.

Warning: Unnecessary mutability src/v8_base.sail:15945.4-9:
15945 |    exp16 : bits(5) = undefined;
      |    ^---^
      | 
This variable is mutable, but it is never modified. It could be declared as immutable using 'let'.

Warning: Unnecessary mutability src/v8_base.sail:16262.4-9:
16262 |    zero2 : bool = undefined;
      |    ^---^
      | 
This variable is mutable, but it is never modified. It could be declared as immutable using 'let'.

Warning: Unnecessary mutability src/v8_base.sail:16261.4-9:
16261 |    zero1 : bool = undefined;
      |    ^---^
      | 
This variable is mutable, but it is never modified. It could be declared as immutable using 'let'.

Warning: Unnecessary mutability src/v8_base.sail:16254.4-16:
16254 |    result_value : real = undefined;
      |    ^----------^
      | 
This variable is mutable, but it is never modified. It could be declared as immutable using 'let'.

Warning: Unnecessary mutability src/v8_base.sail:16253.4-15:
16253 |    result_sign : bits(1) = undefined;
      |    ^---------^
      | 
This variable is mutable, but it is never modified. It could be declared as immutable using 'let'.

Warning: Unnecessary mutability src/v8_base.sail:16251.4-8:
16251 |    inf2 : bool = undefined;
      |    ^--^
      | 
This variable is mutable, but it is never modified. It could be declared as immutable using 'let'.

Warning: Unnecessary mutability src/v8_base.sail:16250.4-8:
16250 |    inf1 : bool = undefined;
      |    ^--^
      | 
This variable is mutable, but it is never modified. It could be declared as immutable using 'let'.

Warning: Unnecessary mutability src/v8_base.sail:16582.4-9:
16582 |    zero2 : bool = undefined;
      |    ^---^
      | 
This variable is mutable, but it is never modified. It could be declared as immutable using 'let'.

Warning: Unnecessary mutability src/v8_base.sail:16581.4-9:
16581 |    zero1 : bool = undefined;
      |    ^---^
      | 
This variable is mutable, but it is never modified. It could be declared as immutable using 'let'.

Warning: Unnecessary mutability src/v8_base.sail:16573.4-8:
16573 |    inf2 : bool = undefined;
      |    ^--^
      | 
This variable is mutable, but it is never modified. It could be declared as immutable using 'let'.

Warning: Unnecessary mutability src/v8_base.sail:16572.4-8:
16572 |    inf1 : bool = undefined;
      |    ^--^
      | 
This variable is mutable, but it is never modified. It could be declared as immutable using 'let'.

Warning: Unnecessary mutability src/v8_base.sail:16627.4-12:
16627 |    rounding : FPRounding = undefined;
      |    ^------^
      | 
This variable is mutable, but it is never modified. It could be declared as immutable using 'let'.

Warning: Unnecessary mutability src/v8_base.sail:16752.8-16:
16752 |        rounding : FPRounding = undefined;
      |        ^------^
      | 
This variable is mutable, but it is never modified. It could be declared as immutable using 'let'.

Warning: Unnecessary mutability src/v8_base.sail:16823.4-9:
16823 |    zero2 : bool = undefined;
      |    ^---^
      | 
This variable is mutable, but it is never modified. It could be declared as immutable using 'let'.

Warning: Unnecessary mutability src/v8_base.sail:16822.4-9:
16822 |    zero1 : bool = undefined;
      |    ^---^
      | 
This variable is mutable, but it is never modified. It could be declared as immutable using 'let'.

Warning: Unnecessary mutability src/v8_base.sail:16814.4-8:
16814 |    inf2 : bool = undefined;
      |    ^--^
      | 
This variable is mutable, but it is never modified. It could be declared as immutable using 'let'.

Warning: Unnecessary mutability src/v8_base.sail:16813.4-8:
16813 |    inf1 : bool = undefined;
      |    ^--^
      | 
This variable is mutable, but it is never modified. It could be declared as immutable using 'let'.

Warning: Unnecessary mutability src/v8_base.sail:16944.4-9:
16944 |    zeroP : bool = undefined;
      |    ^---^
      | 
This variable is mutable, but it is never modified. It could be declared as immutable using 'let'.

Warning: Unnecessary mutability src/v8_base.sail:16943.4-9:
16943 |    zeroA : bool = undefined;
      |    ^---^
      | 
This variable is mutable, but it is never modified. It could be declared as immutable using 'let'.

Warning: Unnecessary mutability src/v8_base.sail:16936.4-9:
16936 |    signP : bits(1) = undefined;
      |    ^---^
      | 
This variable is mutable, but it is never modified. It could be declared as immutable using 'let'.

Warning: Unnecessary mutability src/v8_base.sail:16932.4-16:
16932 |    result_value : real = undefined;
      |    ^----------^
      | 
This variable is mutable, but it is never modified. It could be declared as immutable using 'let'.

Warning: Unnecessary mutability src/v8_base.sail:16931.4-15:
16931 |    result_sign : bits(1) = undefined;
      |    ^---------^
      | 
This variable is mutable, but it is never modified. It could be declared as immutable using 'let'.

Warning: Unnecessary mutability src/v8_base.sail:16929.4-13:
16929 |    invalidop : bool = undefined;
      |    ^-------^
      | 
This variable is mutable, but it is never modified. It could be declared as immutable using 'let'.

Warning: Unnecessary mutability src/v8_base.sail:16928.4-8:
16928 |    infP : bool = undefined;
      |    ^--^
      | 
This variable is mutable, but it is never modified. It could be declared as immutable using 'let'.

Warning: Unnecessary mutability src/v8_base.sail:16927.4-8:
16927 |    infA : bool = undefined;
      |    ^--^
      | 
This variable is mutable, but it is never modified. It could be declared as immutable using 'let'.

Warning: Unnecessary mutability src/v8_base.sail:17039.4-9:
17039 |    zero2 : bool = undefined;
      |    ^---^
      | 
This variable is mutable, but it is never modified. It could be declared as immutable using 'let'.

Warning: Unnecessary mutability src/v8_base.sail:17038.4-9:
17038 |    zero1 : bool = undefined;
      |    ^---^
      | 
This variable is mutable, but it is never modified. It could be declared as immutable using 'let'.

Warning: Unnecessary mutability src/v8_base.sail:17031.4-8:
17031 |    inf2 : bool = undefined;
      |    ^--^
      | 
This variable is mutable, but it is never modified. It could be declared as immutable using 'let'.

Warning: Unnecessary mutability src/v8_base.sail:17030.4-8:
17030 |    inf1 : bool = undefined;
      |    ^--^
      | 
This variable is mutable, but it is never modified. It could be declared as immutable using 'let'.

Warning: Unnecessary mutability src/v8_base.sail:17148.4-9:
17148 |    zeroP : bool = undefined;
      |    ^---^
      | 
This variable is mutable, but it is never modified. It could be declared as immutable using 'let'.

Warning: Unnecessary mutability src/v8_base.sail:17147.4-9:
17147 |    zeroA : bool = undefined;
      |    ^---^
      | 
This variable is mutable, but it is never modified. It could be declared as immutable using 'let'.

Warning: Unnecessary mutability src/v8_base.sail:17140.4-9:
17140 |    signP : bits(1) = undefined;
      |    ^---^
      | 
This variable is mutable, but it is never modified. It could be declared as immutable using 'let'.

Warning: Unnecessary mutability src/v8_base.sail:17136.4-16:
17136 |    result_value : real = undefined;
      |    ^----------^
      | 
This variable is mutable, but it is never modified. It could be declared as immutable using 'let'.

Warning: Unnecessary mutability src/v8_base.sail:17135.4-15:
17135 |    result_sign : bits(1) = undefined;
      |    ^---------^
      | 
This variable is mutable, but it is never modified. It could be declared as immutable using 'let'.

Warning: Unnecessary mutability src/v8_base.sail:17133.4-13:
17133 |    invalidop : bool = undefined;
      |    ^-------^
      | 
This variable is mutable, but it is never modified. It could be declared as immutable using 'let'.

Warning: Unnecessary mutability src/v8_base.sail:17132.4-8:
17132 |    infP : bool = undefined;
      |    ^--^
      | 
This variable is mutable, but it is never modified. It could be declared as immutable using 'let'.

Warning: Unnecessary mutability src/v8_base.sail:17131.4-8:
17131 |    infA : bool = undefined;
      |    ^--^
      | 
This variable is mutable, but it is never modified. It could be declared as immutable using 'let'.

Warning: Unnecessary mutability src/v8_base.sail:17263.4-12:
17263 |    estimate : int = undefined;
      |    ^------^
      | 
This variable is mutable, but it is never modified. It could be declared as immutable using 'let'.

Warning: Unnecessary mutability src/v8_base.sail:17467.4-15:
17467 |    real_result : real = undefined;
      |    ^---------^
      | 
This variable is mutable, but it is never modified. It could be declared as immutable using 'let'.

Warning: Unnecessary mutability src/v8_base.sail:17464.4-9:
17464 |    error : real = undefined;
      |    ^---^
      | 
This variable is mutable, but it is never modified. It could be declared as immutable using 'let'.

Warning: Unnecessary mutability src/v8_base.sail:17536.4-7:
17536 |    exp : int = undefined;
      |    ^-^
      | 
This variable is mutable, but it is never modified. It could be declared as immutable using 'let'.

Warning: Unnecessary mutability src/v8_base.sail:17530.4-15:
17530 |    real_result : real = undefined;
      |    ^---------^
      | 
This variable is mutable, but it is never modified. It could be declared as immutable using 'let'.

Warning: Unnecessary mutability src/v8_base.sail:17529.4-12:
17529 |    overflow : bool = undefined;
      |    ^------^
      | 
This variable is mutable, but it is never modified. It could be declared as immutable using 'let'.

Warning: Unnecessary mutability src/v8_base.sail:17611.4-12:
17611 |    estimate : int = undefined;
      |    ^------^
      | 
This variable is mutable, but it is never modified. It could be declared as immutable using 'let'.

Warning: Unnecessary mutability src/v8_base.sail:17769.4-9:
17769 |    zero2 : bool = undefined;
      |    ^---^
      | 
This variable is mutable, but it is never modified. It could be declared as immutable using 'let'.

Warning: Unnecessary mutability src/v8_base.sail:17768.4-9:
17768 |    zero1 : bool = undefined;
      |    ^---^
      | 
This variable is mutable, but it is never modified. It could be declared as immutable using 'let'.

Warning: Unnecessary mutability src/v8_base.sail:17761.4-16:
17761 |    result_value : real = undefined;
      |    ^----------^
      | 
This variable is mutable, but it is never modified. It could be declared as immutable using 'let'.

Warning: Unnecessary mutability src/v8_base.sail:17760.4-15:
17760 |    result_sign : bits(1) = undefined;
      |    ^---------^
      | 
This variable is mutable, but it is never modified. It could be declared as immutable using 'let'.

Warning: Unnecessary mutability src/v8_base.sail:17758.4-8:
17758 |    inf2 : bool = undefined;
      |    ^--^
      | 
This variable is mutable, but it is never modified. It could be declared as immutable using 'let'.

Warning: Unnecessary mutability src/v8_base.sail:17757.4-8:
17757 |    inf1 : bool = undefined;
      |    ^--^
      | 
This variable is mutable, but it is never modified. It could be declared as immutable using 'let'.

Warning: Unnecessary mutability src/v8_base.sail:18355.8-11:
18355 |        ecv : bool = false;
      |        ^-^
      | 
This variable is mutable, but it is never modified. It could be declared as immutable using 'let'.

Warning: Unnecessary mutability src/v8_base.sail:18348.4-13:
18348 |    samplebit : bits(1) = undefined;
      |    ^-------^
      | 
This variable is mutable, but it is never modified. It could be declared as immutable using 'let'.

Warning: Unnecessary mutability src/v8_base.sail:18347.4-15:
18347 |    previousbit : bits(1) = undefined;
      |    ^---------^
      | 
This variable is mutable, but it is never modified. It could be declared as immutable using 'let'.

Warning: Unnecessary mutability src/v8_base.sail:18399.4-13:
18399 |    samplebit : bits(1) = undefined;
      |    ^-------^
      | 
This variable is mutable, but it is never modified. It could be declared as immutable using 'let'.

Warning: Unnecessary mutability src/v8_base.sail:18398.4-15:
18398 |    previousbit : bits(1) = undefined;
      |    ^---------^
      | 
This variable is mutable, but it is never modified. It could be declared as immutable using 'let'.

Warning: Unnecessary mutability src/v8_base.sail:19805.4-8:
19805 |    base : bits(56) = ZeroExtend(GPTBR_EL3[BADDR] @ Zeros(12), 56);
      |    ^--^
      | 
This variable is mutable, but it is never modified. It could be declared as immutable using 'let'.

Warning: Unnecessary mutability src/v8_base.sail:19796.4-14:
19796 |    gpttlbline : GPTTLBLine = undefined;
      |    ^--------^
      | 
This variable is mutable, but it is never modified. It could be declared as immutable using 'let'.

Warning: Unnecessary mutability src/v8_base.sail:19795.4-13:
19795 |    gpi_index : int = undefined;
      |    ^-------^
      | 
This variable is mutable, but it is never modified. It could be declared as immutable using 'let'.

Warning: Unnecessary mutability src/v8_base.sail:21606.4-14:
21606 |    error_code : bits(2) = undefined;
      |    ^--------^
      | 
This variable is mutable, but it is never modified. It could be declared as immutable using 'let'.

Warning: Unnecessary mutability src/v8_base.sail:22616.4-9:
22616 |    index : int = undefined;
      |    ^---^
      | 
This variable is mutable, but it is never modified. It could be declared as immutable using 'let'.

Warning: Unnecessary mutability src/v8_base.sail:23513.4-13:
23513 |    linked_to : bool = undefined;
      |    ^-------^
      | 
This variable is mutable, but it is never modified. It could be declared as immutable using 'let'.

Warning: Unnecessary mutability src/v8_base.sail:23654.4-10:
23654 |    reason : bits(6) = undefined;
      |    ^----^
      | 
This variable is mutable, but it is never modified. It could be declared as immutable using 'let'.

Warning: Unnecessary mutability src/v8_base.sail:23709.4-7:
23709 |    MSB : bits(8) = undefined;
      |    ^-^
      | 
This variable is mutable, but it is never modified. It could be declared as immutable using 'let'.

Warning: Unnecessary mutability src/v8_base.sail:23708.4-7:
23708 |    LSB : bits(8) = undefined;
      |    ^-^
      | 
This variable is mutable, but it is never modified. It could be declared as immutable using 'let'.

Warning: Unnecessary mutability src/v8_base.sail:23816.4-10:
23816 |    reason : bits(6) = undefined;
      |    ^----^
      | 
This variable is mutable, but it is never modified. It could be declared as immutable using 'let'.

Warning: Unnecessary mutability src/v8_base.sail:23852.4-6:
23852 |    ss : SecurityState = undefined;
      |    ^^
      | 
This variable is mutable, but it is never modified. It could be declared as immutable using 'let'.

Warning: Unnecessary mutability src/v8_base.sail:23851.4-8:
23851 |    mask : bits(1) = undefined;
      |    ^--^
      | 
This variable is mutable, but it is never modified. It could be declared as immutable using 'let'.

Warning: Unnecessary mutability src/v8_base.sail:23879.4-20:
23879 |    ordered_new_desc : bits('N) = undefined;
      |    ^--------------^
      | 
This variable is mutable, but it is never modified. It could be declared as immutable using 'let'.

Warning: Unnecessary mutability src/v8_base.sail:24433.4-19:
24433 |    s1overlay_perms : S1AccessControls = undefined;
      |    ^-------------^
      | 
This variable is mutable, but it is never modified. It could be declared as immutable using 'let'.

Warning: Unnecessary mutability src/v8_base.sail:25346.4-13:
25346 |    bit_index : int = 8 * index;
      |    ^-------^
      | 
This variable is mutable, but it is never modified. It could be declared as immutable using 'let'.

Warning: Unnecessary mutability src/v8_base.sail:25363.4-13:
25363 |    bit_index : int = undefined;
      |    ^-------^
      | 
This variable is mutable, but it is never modified. It could be declared as immutable using 'let'.

Warning: Unnecessary mutability src/v8_base.sail:25626.4-7:
25626 |    skl : bits(2) = undefined;
      |    ^-^
      | 
This variable is mutable, but it is never modified. It could be declared as immutable using 'let'.

Warning: Unnecessary mutability src/v8_base.sail:26222.4-19:
26222 |    s2overlay_perms : S2AccessControls = undefined;
      |    ^-------------^
      | 
This variable is mutable, but it is never modified. It could be declared as immutable using 'let'.

Warning: Unnecessary mutability src/v8_base.sail:26404.4-10:
26404 |    stride : int = undefined;
      |    ^----^
      | 
This variable is mutable, but it is never modified. It could be declared as immutable using 'let'.

Warning: Unnecessary mutability src/v8_base.sail:26402.4-10:
26402 |    iasize : int = undefined;
      |    ^----^
      | 
This variable is mutable, but it is never modified. It could be declared as immutable using 'let'.

Warning: Unnecessary mutability src/v8_base.sail:26401.4-15:
26401 |    granulebits : int = undefined;
      |    ^---------^
      | 
This variable is mutable, but it is never modified. It could be declared as immutable using 'let'.

Warning: Unnecessary mutability src/v8_base.sail:26400.4-16:
26400 |    descsizelog2 : int = undefined;
      |    ^----------^
      | 
This variable is mutable, but it is never modified. It could be declared as immutable using 'let'.

Warning: Unnecessary mutability src/v8_base.sail:26636.4-13:
26636 |    s2_device : DeviceType = undefined;
      |    ^-------^
      | 
This variable is mutable, but it is never modified. It could be declared as immutable using 'let'.

Warning: Unnecessary mutability src/v8_base.sail:26759.4-13:
26759 |    bit_index : int = undefined;
      |    ^-------^
      | 
This variable is mutable, but it is never modified. It could be declared as immutable using 'let'.

Warning: Unnecessary mutability src/v8_base.sail:26842.4-13:
26842 |    s2aarch64 : bool = undefined;
      |    ^-------^
      | 
This variable is mutable, but it is never modified. It could be declared as immutable using 'let'.

Warning: Unnecessary mutability src/v8_base.sail:26904.4-7:
26904 |    skl : bits(2) = undefined;
      |    ^-^
      | 
This variable is mutable, but it is never modified. It could be declared as immutable using 'let'.

Warning: Unnecessary mutability src/v8_base.sail:27591.4-12:
27591 |    tlbentry : TLBLine = undefined;
      |    ^------^
      | 
This variable is mutable, but it is never modified. It could be declared as immutable using 'let'.

Warning: Unnecessary mutability src/v8_base.sail:27766.4-13:
27766 |    s1aarch64 : bool = undefined;
      |    ^-------^
      | 
This variable is mutable, but it is never modified. It could be declared as immutable using 'let'.

Warning: Unnecessary mutability src/v8_base.sail:28179.4-5:
28179 |    c : Constraint = undefined;
      |    ^
      | 
This variable is mutable, but it is never modified. It could be declared as immutable using 'let'.

Warning: Unnecessary mutability src/v8_base.sail:28262.4-14:
28262 |    joinedpair : bool = undefined;
      |    ^--------^
      | 
This variable is mutable, but it is never modified. It could be declared as immutable using 'let'.

Warning: Unnecessary mutability src/v8_base.sail:28261.4-5:
28261 |    c : Constraint = undefined;
      |    ^
      | 
This variable is mutable, but it is never modified. It could be declared as immutable using 'let'.

Warning: Unnecessary mutability src/v8_base.sail:28513.4-13:
28513 |    rcws_fail : bool = false;
      |    ^-------^
      | 
This variable is mutable, but it is never modified. It could be declared as immutable using 'let'.

Warning: Unnecessary mutability src/v8_base.sail:28512.4-12:
28512 |    rcw_fail : bool = false;
      |    ^------^
      | 
This variable is mutable, but it is never modified. It could be declared as immutable using 'let'.

Warning: Unnecessary mutability src/v8_base.sail:28723.4-13:
28723 |    memstatus : PhysMemRetStatus = undefined;
      |    ^-------^
      | 
This variable is mutable, but it is never modified. It could be declared as immutable using 'let'.

Warning: Unnecessary mutability src/v8_base.sail:28796.4-5:
28796 |    c : Constraint = undefined;
      |    ^
      | 
This variable is mutable, but it is never modified. It could be declared as immutable using 'let'.

Warning: Unnecessary mutability src/v8_base.sail:28883.4-5:
28883 |    c : Constraint = undefined;
      |    ^
      | 
This variable is mutable, but it is never modified. It could be declared as immutable using 'let'.

Warning: Unnecessary mutability src/v8_base.sail:29115.4-7:
29115 |    op1 : bits('N) = op1_in;
      |    ^-^
      | 
This variable is mutable, but it is never modified. It could be declared as immutable using 'let'.

Warning: Unnecessary mutability src/v8_base.sail:29113.4-9:
29113 |    zero2 : bool = undefined;
      |    ^---^
      | 
This variable is mutable, but it is never modified. It could be declared as immutable using 'let'.

Warning: Unnecessary mutability src/v8_base.sail:29112.4-9:
29112 |    zero1 : bool = undefined;
      |    ^---^
      | 
This variable is mutable, but it is never modified. It could be declared as immutable using 'let'.

Warning: Unnecessary mutability src/v8_base.sail:29105.4-8:
29105 |    sign : bits(1) = undefined;
      |    ^--^
      | 
This variable is mutable, but it is never modified. It could be declared as immutable using 'let'.

Warning: Unnecessary mutability src/v8_base.sail:29104.4-16:
29104 |    result_value : real = undefined;
      |    ^----------^
      | 
This variable is mutable, but it is never modified. It could be declared as immutable using 'let'.

Warning: Unnecessary mutability src/v8_base.sail:29103.4-8:
29103 |    inf2 : bool = undefined;
      |    ^--^
      | 
This variable is mutable, but it is never modified. It could be declared as immutable using 'let'.

Warning: Unnecessary mutability src/v8_base.sail:29102.4-8:
29102 |    inf1 : bool = undefined;
      |    ^--^
      | 
This variable is mutable, but it is never modified. It could be declared as immutable using 'let'.

Warning: Unnecessary mutability src/v8_base.sail:29174.4-7:
29174 |    op1 : bits('N) = op1_in;
      |    ^-^
      | 
This variable is mutable, but it is never modified. It could be declared as immutable using 'let'.

Warning: Unnecessary mutability src/v8_base.sail:29171.4-9:
29171 |    zero2 : bool = undefined;
      |    ^---^
      | 
This variable is mutable, but it is never modified. It could be declared as immutable using 'let'.

Warning: Unnecessary mutability src/v8_base.sail:29170.4-9:
29170 |    zero1 : bool = undefined;
      |    ^---^
      | 
This variable is mutable, but it is never modified. It could be declared as immutable using 'let'.

Warning: Unnecessary mutability src/v8_base.sail:29163.4-8:
29163 |    sign : bits(1) = undefined;
      |    ^--^
      | 
This variable is mutable, but it is never modified. It could be declared as immutable using 'let'.

Warning: Unnecessary mutability src/v8_base.sail:29162.4-16:
29162 |    result_value : real = undefined;
      |    ^----------^
      | 
This variable is mutable, but it is never modified. It could be declared as immutable using 'let'.

Warning: Unnecessary mutability src/v8_base.sail:29161.4-8:
29161 |    inf2 : bool = undefined;
      |    ^--^
      | 
This variable is mutable, but it is never modified. It could be declared as immutable using 'let'.

Warning: Unnecessary mutability src/v8_base.sail:29160.4-8:
29160 |    inf1 : bool = undefined;
      |    ^--^
      | 
This variable is mutable, but it is never modified. It could be declared as immutable using 'let'.

Warning: Unnecessary mutability src/v8_base.sail:29719.4-5:
29719 |    c : Constraint = undefined;
      |    ^
      | 
This variable is mutable, but it is never modified. It could be declared as immutable using 'let'.

Warning: Unnecessary mutability src/v8_base.sail:30203.4-7:
30203 |    op2 : bits('N) = op2_in;
      |    ^-^
      | 
This variable is mutable, but it is never modified. It could be declared as immutable using 'let'.

Warning: Unnecessary mutability src/v8_base.sail:31507.4-7:
31507 |    ptr : bits(64) = GetCurrentGCSPointer();
      |    ^-^
      | 
This variable is mutable, but it is never modified. It could be declared as immutable using 'let'.

Warning: Unnecessary mutability src/v8_base.sail:31518.4-7:
31518 |    ptr : bits(64) = GetCurrentGCSPointer();
      |    ^-^
      | 
This variable is mutable, but it is never modified. It could be declared as immutable using 'let'.

Warning: Unnecessary mutability src/v8_base.sail:31601.4-7:
31601 |    ptr : bits(64) = GetCurrentGCSPointer();
      |    ^-^
      | 
This variable is mutable, but it is never modified. It could be declared as immutable using 'let'.

Warning: Unnecessary mutability src/v8_base.sail:31679.4-18:
31679 |    outgoing_value : bits(64) = Mem_read(incoming_pointer_name, 8, accdesc_ld);
      |    ^------------^
      | 
This variable is mutable, but it is never modified. It could be declared as immutable using 'let'.

Warning: Unnecessary mutability src/v8_base.sail:31710.4-7:
31710 |    ptr : bits(64) = GetCurrentGCSPointer();
      |    ^-^
      | 
This variable is mutable, but it is never modified. It could be declared as immutable using 'let'.

Warning: Unnecessary mutability src/v8_base.sail:31751.4-7:
31751 |    ptr : bits(64) = GetCurrentGCSPointer();
      |    ^-^
      | 
This variable is mutable, but it is never modified. It could be declared as immutable using 'let'.

Warning: Unnecessary mutability src/v8_base.sail:32105.4-9:
32105 |    zero2 : bool = undefined;
      |    ^---^
      | 
This variable is mutable, but it is never modified. It could be declared as immutable using 'let'.

Warning: Unnecessary mutability src/v8_base.sail:32104.4-9:
32104 |    zero1 : bool = undefined;
      |    ^---^
      | 
This variable is mutable, but it is never modified. It could be declared as immutable using 'let'.

Warning: Unnecessary mutability src/v8_base.sail:32097.4-8:
32097 |    inf2 : bool = undefined;
      |    ^--^
      | 
This variable is mutable, but it is never modified. It could be declared as immutable using 'let'.

Warning: Unnecessary mutability src/v8_base.sail:32096.4-8:
32096 |    inf1 : bool = undefined;
      |    ^--^
      | 
This variable is mutable, but it is never modified. It could be declared as immutable using 'let'.

Warning: Unnecessary mutability src/v8_base.sail:32144.4-9:
32144 |    zero2 : bool = undefined;
      |    ^---^
      | 
This variable is mutable, but it is never modified. It could be declared as immutable using 'let'.

Warning: Unnecessary mutability src/v8_base.sail:32143.4-9:
32143 |    zero1 : bool = undefined;
      |    ^---^
      | 
This variable is mutable, but it is never modified. It could be declared as immutable using 'let'.

Warning: Unnecessary mutability src/v8_base.sail:32136.4-16:
32136 |    result_value : real = undefined;
      |    ^----------^
      | 
This variable is mutable, but it is never modified. It could be declared as immutable using 'let'.

Warning: Unnecessary mutability src/v8_base.sail:32135.4-8:
32135 |    inf2 : bool = undefined;
      |    ^--^
      | 
This variable is mutable, but it is never modified. It could be declared as immutable using 'let'.

Warning: Unnecessary mutability src/v8_base.sail:32134.4-8:
32134 |    inf1 : bool = undefined;
      |    ^--^
      | 
This variable is mutable, but it is never modified. It could be declared as immutable using 'let'.

Warning: Unnecessary mutability src/v8_base.sail:32329.4-10:
32329 |    zeroPb : bool = undefined;
      |    ^----^
      | 
This variable is mutable, but it is never modified. It could be declared as immutable using 'let'.

Warning: Unnecessary mutability src/v8_base.sail:32328.4-10:
32328 |    zeroPa : bool = undefined;
      |    ^----^
      | 
This variable is mutable, but it is never modified. It could be declared as immutable using 'let'.

Warning: Unnecessary mutability src/v8_base.sail:32319.4-10:
32319 |    signPb : bits(1) = undefined;
      |    ^----^
      | 
This variable is mutable, but it is never modified. It could be declared as immutable using 'let'.

Warning: Unnecessary mutability src/v8_base.sail:32318.4-10:
32318 |    signPa : bits(1) = undefined;
      |    ^----^
      | 
This variable is mutable, but it is never modified. It could be declared as immutable using 'let'.

Warning: Unnecessary mutability src/v8_base.sail:32313.4-16:
32313 |    result_value : real = undefined;
      |    ^----------^
      | 
This variable is mutable, but it is never modified. It could be declared as immutable using 'let'.

Warning: Unnecessary mutability src/v8_base.sail:32312.4-15:
32312 |    result_sign : bits(1) = undefined;
      |    ^---------^
      | 
This variable is mutable, but it is never modified. It could be declared as immutable using 'let'.

Warning: Unnecessary mutability src/v8_base.sail:32311.4-13:
32311 |    invalidop : bool = undefined;
      |    ^-------^
      | 
This variable is mutable, but it is never modified. It could be declared as immutable using 'let'.

Warning: Unnecessary mutability src/v8_base.sail:32310.4-9:
32310 |    infPb : bool = undefined;
      |    ^---^
      | 
This variable is mutable, but it is never modified. It could be declared as immutable using 'let'.

Warning: Unnecessary mutability src/v8_base.sail:32309.4-9:
32309 |    infPa : bool = undefined;
      |    ^---^
      | 
This variable is mutable, but it is never modified. It could be declared as immutable using 'let'.

Warning: Unnecessary mutability src/v8_base.sail:32398.4-8:
32398 |    prod : bits('N) = undefined;
      |    ^--^
      | 
This variable is mutable, but it is never modified. It could be declared as immutable using 'let'.

Warning: Unnecessary mutability src/v8_base.sail:32511.4-9:
32511 |    zero2 : bool = undefined;
      |    ^---^
      | 
This variable is mutable, but it is never modified. It could be declared as immutable using 'let'.

Warning: Unnecessary mutability src/v8_base.sail:32510.4-9:
32510 |    zero1 : bool = undefined;
      |    ^---^
      | 
This variable is mutable, but it is never modified. It could be declared as immutable using 'let'.

Warning: Unnecessary mutability src/v8_base.sail:32503.4-16:
32503 |    result_value : real = undefined;
      |    ^----------^
      | 
This variable is mutable, but it is never modified. It could be declared as immutable using 'let'.

Warning: Unnecessary mutability src/v8_base.sail:32502.4-15:
32502 |    result_sign : bits(1) = undefined;
      |    ^---------^
      | 
This variable is mutable, but it is never modified. It could be declared as immutable using 'let'.

Warning: Unnecessary mutability src/v8_base.sail:32501.4-8:
32501 |    inf2 : bool = undefined;
      |    ^--^
      | 
This variable is mutable, but it is never modified. It could be declared as immutable using 'let'.

Warning: Unnecessary mutability src/v8_base.sail:32500.4-8:
32500 |    inf1 : bool = undefined;
      |    ^--^
      | 
This variable is mutable, but it is never modified. It could be declared as immutable using 'let'.

Warning: Unnecessary mutability src/v8_base.sail:32589.4-9:
32589 |    zero2 : bool = undefined;
      |    ^---^
      | 
This variable is mutable, but it is never modified. It could be declared as immutable using 'let'.

Warning: Unnecessary mutability src/v8_base.sail:32588.4-9:
32588 |    zero1 : bool = undefined;
      |    ^---^
      | 
This variable is mutable, but it is never modified. It could be declared as immutable using 'let'.

Warning: Unnecessary mutability src/v8_base.sail:32581.4-16:
32581 |    result_value : real = undefined;
      |    ^----------^
      | 
This variable is mutable, but it is never modified. It could be declared as immutable using 'let'.

Warning: Unnecessary mutability src/v8_base.sail:32580.4-15:
32580 |    result_sign : bits(1) = undefined;
      |    ^---------^
      | 
This variable is mutable, but it is never modified. It could be declared as immutable using 'let'.

Warning: Unnecessary mutability src/v8_base.sail:32579.4-8:
32579 |    inf2 : bool = undefined;
      |    ^--^
      | 
This variable is mutable, but it is never modified. It could be declared as immutable using 'let'.

Warning: Unnecessary mutability src/v8_base.sail:32578.4-8:
32578 |    inf1 : bool = undefined;
      |    ^--^
      | 
This variable is mutable, but it is never modified. It could be declared as immutable using 'let'.

Warning: Unnecessary mutability src/v8_base.sail:32673.4-9:
32673 |    zeroP : bool = undefined;
      |    ^---^
      | 
This variable is mutable, but it is never modified. It could be declared as immutable using 'let'.

Warning: Unnecessary mutability src/v8_base.sail:32672.4-9:
32672 |    zeroA : bool = undefined;
      |    ^---^
      | 
This variable is mutable, but it is never modified. It could be declared as immutable using 'let'.

Warning: Unnecessary mutability src/v8_base.sail:32665.4-9:
32665 |    signP : bits(1) = undefined;
      |    ^---^
      | 
This variable is mutable, but it is never modified. It could be declared as immutable using 'let'.

Warning: Unnecessary mutability src/v8_base.sail:32661.4-16:
32661 |    result_value : real = undefined;
      |    ^----------^
      | 
This variable is mutable, but it is never modified. It could be declared as immutable using 'let'.

Warning: Unnecessary mutability src/v8_base.sail:32660.4-15:
32660 |    result_sign : bits(1) = undefined;
      |    ^---------^
      | 
This variable is mutable, but it is never modified. It could be declared as immutable using 'let'.

Warning: Unnecessary mutability src/v8_base.sail:32659.4-13:
32659 |    invalidop : bool = undefined;
      |    ^-------^
      | 
This variable is mutable, but it is never modified. It could be declared as immutable using 'let'.

Warning: Unnecessary mutability src/v8_base.sail:32658.4-8:
32658 |    infP : bool = undefined;
      |    ^--^
      | 
This variable is mutable, but it is never modified. It could be declared as immutable using 'let'.

Warning: Unnecessary mutability src/v8_base.sail:32657.4-8:
32657 |    infA : bool = undefined;
      |    ^--^
      | 
This variable is mutable, but it is never modified. It could be declared as immutable using 'let'.

Warning: Unnecessary mutability src/v8_base.sail:32768.4-9:
32768 |    zero2 : bool = undefined;
      |    ^---^
      | 
This variable is mutable, but it is never modified. It could be declared as immutable using 'let'.

Warning: Unnecessary mutability src/v8_base.sail:32767.4-9:
32767 |    zero1 : bool = undefined;
      |    ^---^
      | 
This variable is mutable, but it is never modified. It could be declared as immutable using 'let'.

Warning: Unnecessary mutability src/v8_base.sail:32760.4-8:
32760 |    inf2 : bool = undefined;
      |    ^--^
      | 
This variable is mutable, but it is never modified. It could be declared as immutable using 'let'.

Warning: Unnecessary mutability src/v8_base.sail:32759.4-8:
32759 |    inf1 : bool = undefined;
      |    ^--^
      | 
This variable is mutable, but it is never modified. It could be declared as immutable using 'let'.

Warning: Unnecessary mutability src/v8_base.sail:33283.4-16:
33283 |    implicit_esb : bool = undefined;
      |    ^----------^
      | 
This variable is mutable, but it is never modified. It could be declared as immutable using 'let'.

Warning: Unnecessary mutability src/v8_base.sail:33641.4-15:
33641 |    vect_offset : int = undefined;
      |    ^---------^
      | 
This variable is mutable, but it is never modified. It could be declared as immutable using 'let'.

Warning: Unnecessary mutability src/v8_base.sail:33640.4-16:
33640 |    route_to_el2 : bool = undefined;
      |    ^----------^
      | 
This variable is mutable, but it is never modified. It could be declared as immutable using 'let'.

Warning: Unnecessary mutability src/v8_base.sail:33639.4-10:
33639 |    except : ExceptionRecord = undefined;
      |    ^----^
      | 
This variable is mutable, but it is never modified. It could be declared as immutable using 'let'.

Warning: Unnecessary mutability src/v8_base.sail:33764.4-16:
33764 |    route_to_el2 : bool = false;
      |    ^----------^
      | 
This variable is mutable, but it is never modified. It could be declared as immutable using 'let'.

Warning: Unnecessary mutability src/v8_base.sail:33763.4-15:
33763 |    vect_offset : int = undefined;
      |    ^---------^
      | 
This variable is mutable, but it is never modified. It could be declared as immutable using 'let'.

Warning: Unnecessary mutability src/v8_base.sail:33791.4-15:
33791 |    vect_offset : int = undefined;
      |    ^---------^
      | 
This variable is mutable, but it is never modified. It could be declared as immutable using 'let'.

Warning: Unnecessary mutability src/v8_base.sail:33817.4-15:
33817 |    vect_offset : int = undefined;
      |    ^---------^
      | 
This variable is mutable, but it is never modified. It could be declared as immutable using 'let'.

Warning: Unnecessary mutability src/v8_base.sail:33866.4-9:
33866 |    instr : bits(32) = instr_in;
      |    ^---^
      | 
This variable is mutable, but it is never modified. It could be declared as immutable using 'let'.

Warning: Unnecessary mutability src/v8_base.sail:34119.4-9:
34119 |    major : int = undefined;
      |    ^---^
      | 
This variable is mutable, but it is never modified. It could be declared as immutable using 'let'.

Warning: Unnecessary mutability src/v8_base.sail:34185.4-19:
34185 |    impdef_syndrome : bool = undefined;
      |    ^-------------^
      | 
This variable is mutable, but it is never modified. It could be declared as immutable using 'let'.

Warning: Unnecessary mutability src/v8_base.sail:35043.4-12:
35043 |    is_op_st : bool = false;
      |    ^------^
      | 
This variable is mutable, but it is never modified. It could be declared as immutable using 'let'.

Warning: Unnecessary mutability src/v8_base.sail:35042.4-12:
35042 |    is_op_ld : bool = false;
      |    ^------^
      | 
This variable is mutable, but it is never modified. It could be declared as immutable using 'let'.

Warning: Unnecessary mutability src/v8_base.sail:35041.4-12:
35041 |    is_op_br : bool = false;
      |    ^------^
      | 
This variable is mutable, but it is never modified. It could be declared as immutable using 'let'.

Warning: Unnecessary mutability src/v8_base.sail:35169.4-13:
35169 |    memstatus : PhysMemRetStatus = __UNKNOWN_PhysMemRetStatus();
      |    ^-------^
      | 
This variable is mutable, but it is never modified. It could be declared as immutable using 'let'.

Warning: Unnecessary mutability src/v8_base.sail:35689.4-12:
35689 |    iesb_req : bool = undefined;
      |    ^------^
      | 
This variable is mutable, but it is never modified. It could be declared as immutable using 'let'.

Warning: Unnecessary mutability src/v8_base.sail:36607.4-6:
36607 |    ss : SecurityState = undefined;
      |    ^^
      | 
This variable is mutable, but it is never modified. It could be declared as immutable using 'let'.

Warning: Unnecessary mutability src/v8_base.sail:36751.4-6:
36751 |    ss : SecurityState = undefined;
      |    ^^
      | 
This variable is mutable, but it is never modified. It could be declared as immutable using 'let'.

Warning: Unnecessary mutability src/v8_base.sail:37467.4-6:
37467 |    xn : bits(1) = undefined;
      |    ^^
      | 
This variable is mutable, but it is never modified. It could be declared as immutable using 'let'.

Warning: Unnecessary mutability src/v8_base.sail:37459.4-6:
37459 |    ux : bits(1) = undefined;
      |    ^^
      | 
This variable is mutable, but it is never modified. It could be declared as immutable using 'let'.

Warning: Unnecessary mutability src/v8_base.sail:37458.4-7:
37458 |    pxn : bits(1) = undefined;
      |    ^-^
      | 
This variable is mutable, but it is never modified. It could be declared as immutable using 'let'.

Warning: Unnecessary mutability src/v8_base.sail:37457.4-6:
37457 |    px : bits(1) = undefined;
      |    ^^
      | 
This variable is mutable, but it is never modified. It could be declared as immutable using 'let'.

Warning: Unnecessary mutability src/v8_base.sail:37456.4-7:
37456 |    pan : bits(1) = undefined;
      |    ^-^
      | 
This variable is mutable, but it is never modified. It could be declared as immutable using 'let'.

Warning: Unnecessary mutability src/v8_base.sail:37455.4-19:
37455 |    constraint_name : Constraint = undefined;
      |    ^-------------^
      | 
This variable is mutable, but it is never modified. It could be declared as immutable using 'let'.

Warning: Unnecessary mutability src/v8_base.sail:37766.4-19:
37766 |    constraint_name : Constraint = undefined;
      |    ^-------------^
      | 
This variable is mutable, but it is never modified. It could be declared as immutable using 'let'.

Warning: Unnecessary mutability src/v8_base.sail:37844.4-18:
37844 |    finalwalkstate : TTWState = undefined;
      |    ^------------^
      | 
This variable is mutable, but it is never modified. It could be declared as immutable using 'let'.

Warning: Unnecessary mutability src/v8_base.sail:37990.4-13:
37990 |    s1aarch64 : bool = undefined;
      |    ^-------^
      | 
This variable is mutable, but it is never modified. It could be declared as immutable using 'let'.

Warning: Unnecessary mutability src/v8_base.sail:38038.4-18:
38038 |    finalwalkstate : TTWState = undefined;
      |    ^------------^
      | 
This variable is mutable, but it is never modified. It could be declared as immutable using 'let'.

Warning: Unnecessary mutability src/v8_base.sail:38259.4-13:
38259 |    up_iasize : int = undefined;
      |    ^-------^
      | 
This variable is mutable, but it is never modified. It could be declared as immutable using 'let'.

Warning: Unnecessary mutability src/v8_base.sail:38258.4-13:
38258 |    lo_iasize : int = undefined;
      |    ^-------^
      | 
This variable is mutable, but it is never modified. It could be declared as immutable using 'let'.

Warning: Unnecessary mutability src/v8_base.sail:38257.4-10:
38257 |    iasize : int = undefined;
      |    ^----^
      | 
This variable is mutable, but it is never modified. It could be declared as immutable using 'let'.

Warning: Unnecessary mutability src/v8_base.sail:38408.4-7:
38408 |    pan : bits(1) = undefined;
      |    ^-^
      | 
This variable is mutable, but it is never modified. It could be declared as immutable using 'let'.

Warning: Unnecessary mutability src/v8_base.sail:38651.4-7:
38651 |    ORn : bits(0 + ('base + 17 - ('base + 16) + 1)) = undefined;
      |    ^-^
      | 
This variable is mutable, but it is never modified. It could be declared as immutable using 'let'.

Warning: Unnecessary mutability src/v8_base.sail:38650.4-7:
38650 |    IRn : bits(0 + ('base + 1 - 'base + 1)) = undefined;
      |    ^-^
      | 
This variable is mutable, but it is never modified. It could be declared as immutable using 'let'.

Warning: Unnecessary mutability src/v8_base.sail:38626.4-7:
38626 |    NSn : bits(1) = undefined;
      |    ^-^
      | 
This variable is mutable, but it is never modified. It could be declared as immutable using 'let'.

Warning: Unnecessary mutability src/v8_base.sail:38625.4-8:
38625 |    NOSm : bits(1) = undefined;
      |    ^--^
      | 
This variable is mutable, but it is never modified. It could be declared as immutable using 'let'.

Warning: Unnecessary mutability src/v8_base.sail:38722.4-18:
38722 |    finalwalkstate : TTWState = undefined;
      |    ^------------^
      | 
This variable is mutable, but it is never modified. It could be declared as immutable using 'let'.

Warning: Unnecessary mutability src/v8_base.sail:39358.8-17:
39358 |        s1aarch64 : bool = undefined;
      |        ^-------^
      | 
This variable is mutable, but it is never modified. It could be declared as immutable using 'let'.

Warning: Unnecessary mutability src/v8_base.sail:39483.4-11:
39483 |    from_32 : bool = undefined;
      |    ^-----^
      | 
This variable is mutable, but it is never modified. It could be declared as immutable using 'let'.

Warning: Unnecessary mutability src/v8_base.sail:40351.4-12:
40351 |    vaddress : bits(32) = undefined;
      |    ^------^
      | 
This variable is mutable, but it is never modified. It could be declared as immutable using 'let'.

Warning: Unnecessary mutability src/v8_base.sail:40350.4-13:
40350 |    linked_to : bool = undefined;
      |    ^-------^
      | 
This variable is mutable, but it is never modified. It could be declared as immutable using 'let'.

Warning: Unnecessary mutability src/v8_base.sail:40487.4-10:
40487 |    reason : bits(6) = undefined;
      |    ^----^
      | 
This variable is mutable, but it is never modified. It could be declared as immutable using 'let'.

Warning: Unnecessary mutability src/v8_base.sail:40574.4-6:
40574 |    ss : SecurityState = undefined;
      |    ^^
      | 
This variable is mutable, but it is never modified. It could be declared as immutable using 'let'.

Warning: Unnecessary mutability src/v8_base.sail:40669.4-7:
40669 |    MSB : bits(8) = undefined;
      |    ^-^
      | 
This variable is mutable, but it is never modified. It could be declared as immutable using 'let'.

Warning: Unnecessary mutability src/v8_base.sail:40668.4-7:
40668 |    LSB : bits(8) = undefined;
      |    ^-^
      | 
This variable is mutable, but it is never modified. It could be declared as immutable using 'let'.

Warning: Unnecessary mutability src/v8_base.sail:40756.4-10:
40756 |    reason : bits(6) = undefined;
      |    ^----^
      | 
This variable is mutable, but it is never modified. It could be declared as immutable using 'let'.

Warning: Unnecessary mutability src/v8_base.sail:40948.4-18:
40948 |    need_translate : bool = undefined;
      |    ^------------^
      | 
This variable is mutable, but it is never modified. It could be declared as immutable using 'let'.

Warning: Unnecessary mutability src/v8_base.sail:41395.4-19:
41395 |    unrotated_value : bits(32) = undefined;
      |    ^-------------^
      | 
This variable is mutable, but it is never modified. It could be declared as immutable using 'let'.

Warning: Unnecessary mutability src/v8_base.sail:41522.4-10:
41522 |    except : ExceptionRecord = undefined;
      |    ^----^
      | 
This variable is mutable, but it is never modified. It could be declared as immutable using 'let'.

Warning: Unnecessary mutability src/v8_base.sail:41567.4-9:
41567 |    major : int = undefined;
      |    ^---^
      | 
This variable is mutable, but it is never modified. It could be declared as immutable using 'let'.

Warning: Unnecessary mutability src/v8_base.sail:41597.4-6:
41597 |    ss : SecurityState = undefined;
      |    ^^
      | 
This variable is mutable, but it is never modified. It could be declared as immutable using 'let'.

Warning: Unnecessary mutability src/v8_base.sail:41654.4-12:
41654 |    fpexc_en : bits(1) = undefined;
      |    ^------^
      | 
This variable is mutable, but it is never modified. It could be declared as immutable using 'let'.

Warning: Unnecessary mutability src/v8_base.sail:41773.4-9:
41773 |    zero2 : bool = undefined;
      |    ^---^
      | 
This variable is mutable, but it is never modified. It could be declared as immutable using 'let'.

Warning: Unnecessary mutability src/v8_base.sail:41772.4-9:
41772 |    zero1 : bool = undefined;
      |    ^---^
      | 
This variable is mutable, but it is never modified. It could be declared as immutable using 'let'.

Warning: Unnecessary mutability src/v8_base.sail:41765.4-16:
41765 |    result_value : real = undefined;
      |    ^----------^
      | 
This variable is mutable, but it is never modified. It could be declared as immutable using 'let'.

Warning: Unnecessary mutability src/v8_base.sail:41764.4-15:
41764 |    result_sign : bits(1) = undefined;
      |    ^---------^
      | 
This variable is mutable, but it is never modified. It could be declared as immutable using 'let'.

Warning: Unnecessary mutability src/v8_base.sail:41762.4-8:
41762 |    inf2 : bool = undefined;
      |    ^--^
      | 
This variable is mutable, but it is never modified. It could be declared as immutable using 'let'.

Warning: Unnecessary mutability src/v8_base.sail:41761.4-8:
41761 |    inf1 : bool = undefined;
      |    ^--^
      | 
This variable is mutable, but it is never modified. It could be declared as immutable using 'let'.

Warning: Unnecessary mutability src/v8_base.sail:41830.4-9:
41830 |    zero2 : bool = undefined;
      |    ^---^
      | 
This variable is mutable, but it is never modified. It could be declared as immutable using 'let'.

Warning: Unnecessary mutability src/v8_base.sail:41829.4-9:
41829 |    zero1 : bool = undefined;
      |    ^---^
      | 
This variable is mutable, but it is never modified. It could be declared as immutable using 'let'.

Warning: Unnecessary mutability src/v8_base.sail:41821.4-8:
41821 |    inf2 : bool = undefined;
      |    ^--^
      | 
This variable is mutable, but it is never modified. It could be declared as immutable using 'let'.

Warning: Unnecessary mutability src/v8_base.sail:41820.4-8:
41820 |    inf1 : bool = undefined;
      |    ^--^
      | 
This variable is mutable, but it is never modified. It could be declared as immutable using 'let'.

Warning: Unnecessary mutability src/v8_base.sail:41867.4-9:
41867 |    zero2 : bool = undefined;
      |    ^---^
      | 
This variable is mutable, but it is never modified. It could be declared as immutable using 'let'.

Warning: Unnecessary mutability src/v8_base.sail:41866.4-9:
41866 |    zero1 : bool = undefined;
      |    ^---^
      | 
This variable is mutable, but it is never modified. It could be declared as immutable using 'let'.

Warning: Unnecessary mutability src/v8_base.sail:41858.4-8:
41858 |    inf2 : bool = undefined;
      |    ^--^
      | 
This variable is mutable, but it is never modified. It could be declared as immutable using 'let'.

Warning: Unnecessary mutability src/v8_base.sail:41857.4-8:
41857 |    inf1 : bool = undefined;
      |    ^--^
      | 
This variable is mutable, but it is never modified. It could be declared as immutable using 'let'.

Warning: Unnecessary mutability src/v8_base.sail:41980.4-5:
41980 |    c : Constraint = undefined;
      |    ^
      | 
This variable is mutable, but it is never modified. It could be declared as immutable using 'let'.

Warning: Unnecessary mutability src/v8_base.sail:42022.4-5:
42022 |    c : Constraint = undefined;
      |    ^
      | 
This variable is mutable, but it is never modified. It could be declared as immutable using 'let'.

Warning: Unnecessary mutability src/v8_base.sail:42879.4-8:
42879 |    tid3 : bits(1) = undefined;
      |    ^--^
      | 
This variable is mutable, but it is never modified. It could be declared as immutable using 'let'.

Warning: Unnecessary mutability src/v8_base.sail:42878.4-8:
42878 |    tid0 : bits(1) = undefined;
      |    ^--^
      | 
This variable is mutable, but it is never modified. It could be declared as immutable using 'let'.

Warning: Unnecessary mutability src/v8_base.sail:42998.4-15:
42998 |    vect_offset : int = undefined;
      |    ^---------^
      | 
This variable is mutable, but it is never modified. It could be declared as immutable using 'let'.

Warning: Unnecessary mutability src/v8_base.sail:42997.4-16:
42997 |    route_to_hyp : bool = undefined;
      |    ^----------^
      | 
This variable is mutable, but it is never modified. It could be declared as immutable using 'let'.

Warning: Unnecessary mutability src/v8_base.sail:42996.4-10:
42996 |    except : ExceptionRecord = undefined;
      |    ^----^
      | 
This variable is mutable, but it is never modified. It could be declared as immutable using 'let'.

Warning: Unnecessary mutability src/v8_base.sail:43023.4-15:
43023 |    vect_offset : int = undefined;
      |    ^---------^
      | 
This variable is mutable, but it is never modified. It could be declared as immutable using 'let'.

Warning: Unnecessary mutability src/v8_base.sail:43047.4-16:
43047 |    route_to_hyp : bool = undefined;
      |    ^----------^
      | 
This variable is mutable, but it is never modified. It could be declared as immutable using 'let'.

Warning: Unnecessary mutability src/v8_base.sail:43046.4-10:
43046 |    except : ExceptionRecord = undefined;
      |    ^----^
      | 
This variable is mutable, but it is never modified. It could be declared as immutable using 'let'.

Warning: Unnecessary mutability src/v8_base.sail:43118.4-14:
43118 |    next_instr : bits(16) = undefined;
      |    ^--------^
      | 
This variable is mutable, but it is never modified. It could be declared as immutable using 'let'.

Warning: Unnecessary mutability src/v8_base.sail:43117.4-11:
43117 |    aligned : bool = undefined;
      |    ^-----^
      | 
This variable is mutable, but it is never modified. It could be declared as immutable using 'let'.

Warning: Unnecessary mutability src/v8_base.sail:43116.4-11:
43116 |    accdesc : AccessDescriptor = undefined;
      |    ^-----^
      | 
This variable is mutable, but it is never modified. It could be declared as immutable using 'let'.

Warning: Unnecessary mutability src/v8_base.sail:43269.4-10:
43269 |    except : ExceptionRecord = undefined;
      |    ^----^
      | 
This variable is mutable, but it is never modified. It could be declared as immutable using 'let'.

Warning: Unnecessary mutability src/v8_base.sail:43316.4-10:
43316 |    except : ExceptionRecord = undefined;
      |    ^----^
      | 
This variable is mutable, but it is never modified. It could be declared as immutable using 'let'.

Warning: Unnecessary mutability src/v8_base.sail:53555.4-7:
53555 |    tmp : ID_AA64MMFR2_EL1_Type = value_name;
      |    ^-^
      | 
This variable is mutable, but it is never modified. It could be declared as immutable using 'let'.

Warning: Unnecessary mutability src/v8_base.sail:53563.4-7:
53563 |    tmp : VTCR_EL2_Type = value_name;
      |    ^-^
      | 
This variable is mutable, but it is never modified. It could be declared as immutable using 'let'.

Warning: Unnecessary mutability src/v8_base.sail:53571.4-7:
53571 |    tmp : HDFGRTR_EL2_Type = value_name;
      |    ^-^
      | 
This variable is mutable, but it is never modified. It could be declared as immutable using 'let'.

Warning: Unnecessary mutability src/v8_base.sail:53579.4-7:
53579 |    tmp : ICV_NMIAR1_EL1_Type = value_name;
      |    ^-^
      | 
This variable is mutable, but it is never modified. It could be declared as immutable using 'let'.

Warning: Unnecessary mutability src/v8_base.sail:53587.4-7:
53587 |    tmp : SPSR_abt_Type = value_name;
      |    ^-^
      | 
This variable is mutable, but it is never modified. It could be declared as immutable using 'let'.

Warning: Unnecessary mutability src/v8_base.sail:53595.4-7:
53595 |    tmp : ICH_LR_EL2_Type = value_name;
      |    ^-^
      | 
This variable is mutable, but it is never modified. It could be declared as immutable using 'let'.

Warning: Unnecessary mutability src/v8_base.sail:53603.4-7:
53603 |    tmp : MDCCINT_EL1_Type = value_name;
      |    ^-^
      | 
This variable is mutable, but it is never modified. It could be declared as immutable using 'let'.

Warning: Unnecessary mutability src/v8_base.sail:53611.4-7:
53611 |    tmp : ICC_HPPIR1_EL1_Type = value_name;
      |    ^-^
      | 
This variable is mutable, but it is never modified. It could be declared as immutable using 'let'.

Warning: Unnecessary mutability src/v8_base.sail:53619.4-7:
53619 |    tmp : ICC_AP0R_EL1_Type = value_name;
      |    ^-^
      | 
This variable is mutable, but it is never modified. It could be declared as immutable using 'let'.

Warning: Unnecessary mutability src/v8_base.sail:53627.4-7:
53627 |    tmp : TCR2_EL2_Type = value_name;
      |    ^-^
      | 
This variable is mutable, but it is never modified. It could be declared as immutable using 'let'.

Warning: Unnecessary mutability src/v8_base.sail:53635.4-7:
53635 |    tmp : ESR_EL1_Type = value_name;
      |    ^-^
      | 
This variable is mutable, but it is never modified. It could be declared as immutable using 'let'.

Warning: Unnecessary mutability src/v8_base.sail:53643.4-7:
53643 |    tmp : ICV_BPR1_EL1_Type = value_name;
      |    ^-^
      | 
This variable is mutable, but it is never modified. It could be declared as immutable using 'let'.

Warning: Unnecessary mutability src/v8_base.sail:53651.4-7:
53651 |    tmp : TCR_EL3_Type = value_name;
      |    ^-^
      | 
This variable is mutable, but it is never modified. It could be declared as immutable using 'let'.

Warning: Unnecessary mutability src/v8_base.sail:53659.4-7:
53659 |    tmp : PMECR_EL1_Type = value_name;
      |    ^-^
      | 
This variable is mutable, but it is never modified. It could be declared as immutable using 'let'.

Warning: Unnecessary mutability src/v8_base.sail:53667.4-7:
53667 |    tmp : ICC_PMR_EL1_Type = value_name;
      |    ^-^
      | 
This variable is mutable, but it is never modified. It could be declared as immutable using 'let'.

Warning: Unnecessary mutability src/v8_base.sail:53675.4-7:
53675 |    tmp : RMR_EL1_Type = value_name;
      |    ^-^
      | 
This variable is mutable, but it is never modified. It could be declared as immutable using 'let'.

Warning: Unnecessary mutability src/v8_base.sail:53683.4-7:
53683 |    tmp : PMICFILTR_EL0_Type = value_name;
      |    ^-^
      | 
This variable is mutable, but it is never modified. It could be declared as immutable using 'let'.

Warning: Unnecessary mutability src/v8_base.sail:53691.4-7:
53691 |    tmp : ICC_HPPIR0_EL1_Type = value_name;
      |    ^-^
      | 
This variable is mutable, but it is never modified. It could be declared as immutable using 'let'.

Warning: Unnecessary mutability src/v8_base.sail:53699.4-7:
53699 |    tmp : CNTHPS_CTL_EL2_Type = value_name;
      |    ^-^
      | 
This variable is mutable, but it is never modified. It could be declared as immutable using 'let'.

Warning: Unnecessary mutability src/v8_base.sail:53707.4-7:
53707 |    tmp : VMECID_A_EL2_Type = value_name;
      |    ^-^
      | 
This variable is mutable, but it is never modified. It could be declared as immutable using 'let'.

Warning: Unnecessary mutability src/v8_base.sail:53715.4-7:
53715 |    tmp : MECID_RL_A_EL3_Type = value_name;
      |    ^-^
      | 
This variable is mutable, but it is never modified. It could be declared as immutable using 'let'.

Warning: Unnecessary mutability src/v8_base.sail:53723.4-7:
53723 |    tmp : HSTR_EL2_Type = value_name;
      |    ^-^
      | 
This variable is mutable, but it is never modified. It could be declared as immutable using 'let'.

Warning: Unnecessary mutability src/v8_base.sail:53731.4-7:
53731 |    tmp : PMOVSCLR_EL0_Type = value_name;
      |    ^-^
      | 
This variable is mutable, but it is never modified. It could be declared as immutable using 'let'.

Warning: Unnecessary mutability src/v8_base.sail:53739.4-7:
53739 |    tmp : HAFGRTR_EL2_Type = value_name;
      |    ^-^
      | 
This variable is mutable, but it is never modified. It could be declared as immutable using 'let'.

Warning: Unnecessary mutability src/v8_base.sail:53747.4-7:
53747 |    tmp : ICC_BPR0_EL1_Type = value_name;
      |    ^-^
      | 
This variable is mutable, but it is never modified. It could be declared as immutable using 'let'.

Warning: Unnecessary mutability src/v8_base.sail:53755.4-7:
53755 |    tmp : ACCDATA_EL1_Type = value_name;
      |    ^-^
      | 
This variable is mutable, but it is never modified. It could be declared as immutable using 'let'.

Warning: Unnecessary mutability src/v8_base.sail:53788.4-7:
53788 |    tmp : PMSSCR_EL1_Type = value_name;
      |    ^-^
      | 
This variable is mutable, but it is never modified. It could be declared as immutable using 'let'.

Warning: Unnecessary mutability src/v8_base.sail:53796.4-7:
53796 |    tmp : LORID_EL1_Type = value_name;
      |    ^-^
      | 
This variable is mutable, but it is never modified. It could be declared as immutable using 'let'.

Warning: Unnecessary mutability src/v8_base.sail:53804.4-7:
53804 |    tmp : CONTEXTIDR_EL2_Type = value_name;
      |    ^-^
      | 
This variable is mutable, but it is never modified. It could be declared as immutable using 'let'.

Warning: Unnecessary mutability src/v8_base.sail:53812.4-7:
53812 |    tmp : FPSR_Type = value_name;
      |    ^-^
      | 
This variable is mutable, but it is never modified. It could be declared as immutable using 'let'.

Warning: Unnecessary mutability src/v8_base.sail:53820.4-7:
53820 |    tmp : CNTP_TVAL_EL0_Type = value_name;
      |    ^-^
      | 
This variable is mutable, but it is never modified. It could be declared as immutable using 'let'.

Warning: Unnecessary mutability src/v8_base.sail:53828.4-7:
53828 |    tmp : ID_AA64MMFR4_EL1_Type = value_name;
      |    ^-^
      | 
This variable is mutable, but it is never modified. It could be declared as immutable using 'let'.

Warning: Unnecessary mutability src/v8_base.sail:53836.4-7:
53836 |    tmp : ICH_EISR_EL2_Type = value_name;
      |    ^-^
      | 
This variable is mutable, but it is never modified. It could be declared as immutable using 'let'.

Warning: Unnecessary mutability src/v8_base.sail:53844.4-7:
53844 |    tmp : MIDR_EL1_Type = value_name;
      |    ^-^
      | 
This variable is mutable, but it is never modified. It could be declared as immutable using 'let'.

Warning: Unnecessary mutability src/v8_base.sail:53852.4-7:
53852 |    tmp : ICC_RPR_EL1_Type = value_name;
      |    ^-^
      | 
This variable is mutable, but it is never modified. It could be declared as immutable using 'let'.

Warning: Unnecessary mutability src/v8_base.sail:53860.4-7:
53860 |    tmp : ICH_ELRSR_EL2_Type = value_name;
      |    ^-^
      | 
This variable is mutable, but it is never modified. It could be declared as immutable using 'let'.

Warning: Unnecessary mutability src/v8_base.sail:53868.4-7:
53868 |    tmp : VBAR_EL2_Type = value_name;
      |    ^-^
      | 
This variable is mutable, but it is never modified. It could be declared as immutable using 'let'.

Warning: Unnecessary mutability src/v8_base.sail:53876.4-7:
53876 |    tmp : HFGITR_EL2_Type = value_name;
      |    ^-^
      | 
This variable is mutable, but it is never modified. It could be declared as immutable using 'let'.

Warning: Unnecessary mutability src/v8_base.sail:53884.4-7:
53884 |    tmp : CNTHVS_CTL_EL2_Type = value_name;
      |    ^-^
      | 
This variable is mutable, but it is never modified. It could be declared as immutable using 'let'.

Warning: Unnecessary mutability src/v8_base.sail:53892.4-7:
53892 |    tmp : ID_AA64PFR1_EL1_Type = value_name;
      |    ^-^
      | 
This variable is mutable, but it is never modified. It could be declared as immutable using 'let'.

Warning: Unnecessary mutability src/v8_base.sail:53900.4-7:
53900 |    tmp : ICH_AP1R_EL2_Type = value_name;
      |    ^-^
      | 
This variable is mutable, but it is never modified. It could be declared as immutable using 'let'.

Warning: Unnecessary mutability src/v8_base.sail:53908.4-7:
53908 |    tmp : SDER32_EL2_Type = value_name;
      |    ^-^
      | 
This variable is mutable, but it is never modified. It could be declared as immutable using 'let'.

Warning: Unnecessary mutability src/v8_base.sail:53916.4-7:
53916 |    tmp : VSTCR_EL2_Type = value_name;
      |    ^-^
      | 
This variable is mutable, but it is never modified. It could be declared as immutable using 'let'.

Warning: Unnecessary mutability src/v8_base.sail:53935.4-7:
53935 |    tmp : PMMIR_EL1_Type = value_name;
      |    ^-^
      | 
This variable is mutable, but it is never modified. It could be declared as immutable using 'let'.

Warning: Unnecessary mutability src/v8_base.sail:53943.4-7:
53943 |    tmp : ICV_IAR0_EL1_Type = value_name;
      |    ^-^
      | 
This variable is mutable, but it is never modified. It could be declared as immutable using 'let'.

Warning: Unnecessary mutability src/v8_base.sail:53951.4-7:
53951 |    tmp : ICC_IGRPEN1_EL1_Type = value_name;
      |    ^-^
      | 
This variable is mutable, but it is never modified. It could be declared as immutable using 'let'.

Warning: Unnecessary mutability src/v8_base.sail:53959.4-7:
53959 |    tmp : ICC_IGRPEN1_EL1_Type = value_name;
      |    ^-^
      | 
This variable is mutable, but it is never modified. It could be declared as immutable using 'let'.

Warning: Unnecessary mutability src/v8_base.sail:53967.4-7:
53967 |    tmp : ICC_IGRPEN1_EL1_Type = value_name;
      |    ^-^
      | 
This variable is mutable, but it is never modified. It could be declared as immutable using 'let'.

Warning: Unnecessary mutability src/v8_base.sail:53975.4-7:
53975 |    tmp : GPTBR_EL3_Type = value_name;
      |    ^-^
      | 
This variable is mutable, but it is never modified. It could be declared as immutable using 'let'.

Warning: Unnecessary mutability src/v8_base.sail:53983.4-7:
53983 |    tmp : MDCCSR_EL0_Type = value_name;
      |    ^-^
      | 
This variable is mutable, but it is never modified. It could be declared as immutable using 'let'.

Warning: Unnecessary mutability src/v8_base.sail:53991.4-7:
53991 |    tmp : TTBR0_EL3_Type = value_name;
      |    ^-^
      | 
This variable is mutable, but it is never modified. It could be declared as immutable using 'let'.

Warning: Unnecessary mutability src/v8_base.sail:53999.4-7:
53999 |    tmp : DBGBCR_EL1_Type = value_name;
      |    ^-^
      | 
This variable is mutable, but it is never modified. It could be declared as immutable using 'let'.

Warning: Unnecessary mutability src/v8_base.sail:54007.4-7:
54007 |    tmp : PMCCFILTR_EL0_Type = value_name;
      |    ^-^
      | 
This variable is mutable, but it is never modified. It could be declared as immutable using 'let'.

Warning: Unnecessary mutability src/v8_base.sail:54015.4-7:
54015 |    tmp : ICC_NMIAR1_EL1_Type = value_name;
      |    ^-^
      | 
This variable is mutable, but it is never modified. It could be declared as immutable using 'let'.

Warning: Unnecessary mutability src/v8_base.sail:54023.4-7:
54023 |    tmp : DBGCLAIMSET_EL1_Type = value_name;
      |    ^-^
      | 
This variable is mutable, but it is never modified. It could be declared as immutable using 'let'.

Warning: Unnecessary mutability src/v8_base.sail:54031.4-7:
54031 |    tmp : ICC_SRE_EL1_Type = value_name;
      |    ^-^
      | 
This variable is mutable, but it is never modified. It could be declared as immutable using 'let'.

Warning: Unnecessary mutability src/v8_base.sail:54039.4-7:
54039 |    tmp : ICC_SRE_EL1_Type = value_name;
      |    ^-^
      | 
This variable is mutable, but it is never modified. It could be declared as immutable using 'let'.

Warning: Unnecessary mutability src/v8_base.sail:54047.4-7:
54047 |    tmp : ICC_SRE_EL1_Type = value_name;
      |    ^-^
      | 
This variable is mutable, but it is never modified. It could be declared as immutable using 'let'.

Warning: Unnecessary mutability src/v8_base.sail:54055.4-7:
54055 |    tmp : ICH_AP0R_EL2_Type = value_name;
      |    ^-^
      | 
This variable is mutable, but it is never modified. It could be declared as immutable using 'let'.

Warning: Unnecessary mutability src/v8_base.sail:54063.4-7:
54063 |    tmp : ICC_IAR0_EL1_Type = value_name;
      |    ^-^
      | 
This variable is mutable, but it is never modified. It could be declared as immutable using 'let'.

Warning: Unnecessary mutability src/v8_base.sail:54071.4-7:
54071 |    tmp : ESR_EL2_Type = value_name;
      |    ^-^
      | 
This variable is mutable, but it is never modified. It could be declared as immutable using 'let'.

Warning: Unnecessary mutability src/v8_base.sail:54079.4-7:
54079 |    tmp : CONTEXTIDR_EL1_Type = value_name;
      |    ^-^
      | 
This variable is mutable, but it is never modified. It could be declared as immutable using 'let'.

Warning: Unnecessary mutability src/v8_base.sail:54087.4-7:
54087 |    tmp : PMUACR_EL1_Type = value_name;
      |    ^-^
      | 
This variable is mutable, but it is never modified. It could be declared as immutable using 'let'.

Warning: Unnecessary mutability src/v8_base.sail:54095.4-7:
54095 |    tmp : DSPSR_EL0_Type = value_name;
      |    ^-^
      | 
This variable is mutable, but it is never modified. It could be declared as immutable using 'let'.

Warning: Unnecessary mutability src/v8_base.sail:54103.4-7:
54103 |    tmp : RMR_EL2_Type = value_name;
      |    ^-^
      | 
This variable is mutable, but it is never modified. It could be declared as immutable using 'let'.

Warning: Unnecessary mutability src/v8_base.sail:54111.4-7:
54111 |    tmp : VNCR_EL2_Type = value_name;
      |    ^-^
      | 
This variable is mutable, but it is never modified. It could be declared as immutable using 'let'.

Warning: Unnecessary mutability src/v8_base.sail:54119.4-7:
54119 |    tmp : PMINTENCLR_EL1_Type = value_name;
      |    ^-^
      | 
This variable is mutable, but it is never modified. It could be declared as immutable using 'let'.

Warning: Unnecessary mutability src/v8_base.sail:54127.4-7:
54127 |    tmp : PMSELR_EL0_Type = value_name;
      |    ^-^
      | 
This variable is mutable, but it is never modified. It could be declared as immutable using 'let'.

Warning: Unnecessary mutability src/v8_base.sail:54135.4-7:
54135 |    tmp : ICC_CTLR_EL1_Type = value_name;
      |    ^-^
      | 
This variable is mutable, but it is never modified. It could be declared as immutable using 'let'.

Warning: Unnecessary mutability src/v8_base.sail:54143.4-7:
54143 |    tmp : ICC_CTLR_EL1_Type = value_name;
      |    ^-^
      | 
This variable is mutable, but it is never modified. It could be declared as immutable using 'let'.

Warning: Unnecessary mutability src/v8_base.sail:54151.4-7:
54151 |    tmp : ICC_CTLR_EL1_Type = value_name;
      |    ^-^
      | 
This variable is mutable, but it is never modified. It could be declared as immutable using 'let'.

Warning: Unnecessary mutability src/v8_base.sail:54159.4-7:
54159 |    tmp : ICC_AP1R_EL1_Type = value_name;
      |    ^-^
      | 
This variable is mutable, but it is never modified. It could be declared as immutable using 'let'.

Warning: Unnecessary mutability src/v8_base.sail:54167.4-7:
54167 |    tmp : ICC_AP1R_EL1_Type = value_name;
      |    ^-^
      | 
This variable is mutable, but it is never modified. It could be declared as immutable using 'let'.

Warning: Unnecessary mutability src/v8_base.sail:54175.4-7:
54175 |    tmp : ICC_AP1R_EL1_Type = value_name;
      |    ^-^
      | 
This variable is mutable, but it is never modified. It could be declared as immutable using 'let'.

Warning: Unnecessary mutability src/v8_base.sail:54183.4-7:
54183 |    tmp : CNTP_CTL_EL0_Type = value_name;
      |    ^-^
      | 
This variable is mutable, but it is never modified. It could be declared as immutable using 'let'.

Warning: Unnecessary mutability src/v8_base.sail:54191.4-7:
54191 |    tmp : HFGITR2_EL2_Type = value_name;
      |    ^-^
      | 
This variable is mutable, but it is never modified. It could be declared as immutable using 'let'.

Warning: Unnecessary mutability src/v8_base.sail:54199.4-7:
54199 |    tmp : CNTHV_TVAL_EL2_Type = value_name;
      |    ^-^
      | 
This variable is mutable, but it is never modified. It could be declared as immutable using 'let'.

Warning: Unnecessary mutability src/v8_base.sail:54207.4-7:
54207 |    tmp : SPSR_irq_Type = value_name;
      |    ^-^
      | 
This variable is mutable, but it is never modified. It could be declared as immutable using 'let'.

Warning: Unnecessary mutability src/v8_base.sail:54215.4-7:
54215 |    tmp : ICH_MISR_EL2_Type = value_name;
      |    ^-^
      | 
This variable is mutable, but it is never modified. It could be declared as immutable using 'let'.

Warning: Unnecessary mutability src/v8_base.sail:54223.4-7:
54223 |    tmp : CSSELR_EL1_Type = value_name;
      |    ^-^
      | 
This variable is mutable, but it is never modified. It could be declared as immutable using 'let'.

Warning: Unnecessary mutability src/v8_base.sail:54231.4-7:
54231 |    tmp : ICV_RPR_EL1_Type = value_name;
      |    ^-^
      | 
This variable is mutable, but it is never modified. It could be declared as immutable using 'let'.

Warning: Unnecessary mutability src/v8_base.sail:54239.4-7:
54239 |    tmp : PFAR_EL2_Type = value_name;
      |    ^-^
      | 
This variable is mutable, but it is never modified. It could be declared as immutable using 'let'.

Warning: Unnecessary mutability src/v8_base.sail:54247.4-7:
54247 |    tmp : ICV_PMR_EL1_Type = value_name;
      |    ^-^
      | 
This variable is mutable, but it is never modified. It could be declared as immutable using 'let'.

Warning: Unnecessary mutability src/v8_base.sail:54255.4-7:
54255 |    tmp : MFAR_EL3_Type = value_name;
      |    ^-^
      | 
This variable is mutable, but it is never modified. It could be declared as immutable using 'let'.

Warning: Unnecessary mutability src/v8_base.sail:54263.4-7:
54263 |    tmp : SPSR_EL2_Type = value_name;
      |    ^-^
      | 
This variable is mutable, but it is never modified. It could be declared as immutable using 'let'.

Warning: Unnecessary mutability src/v8_base.sail:54271.4-7:
54271 |    tmp : TCR_EL1_Type = value_name;
      |    ^-^
      | 
This variable is mutable, but it is never modified. It could be declared as immutable using 'let'.

Warning: Unnecessary mutability src/v8_base.sail:54279.4-7:
54279 |    tmp : ICV_HPPIR0_EL1_Type = value_name;
      |    ^-^
      | 
This variable is mutable, but it is never modified. It could be declared as immutable using 'let'.

Warning: Unnecessary mutability src/v8_base.sail:54287.4-7:
54287 |    tmp : SCTLR2_EL1_Type = value_name;
      |    ^-^
      | 
This variable is mutable, but it is never modified. It could be declared as immutable using 'let'.

Warning: Unnecessary mutability src/v8_base.sail:54295.4-7:
54295 |    tmp : ICV_BPR0_EL1_Type = value_name;
      |    ^-^
      | 
This variable is mutable, but it is never modified. It could be declared as immutable using 'let'.

Warning: Unnecessary mutability src/v8_base.sail:54303.4-7:
54303 |    tmp : ISR_EL1_Type = value_name;
      |    ^-^
      | 
This variable is mutable, but it is never modified. It could be declared as immutable using 'let'.

Warning: Unnecessary mutability src/v8_base.sail:54311.4-7:
54311 |    tmp : MECIDR_EL2_Type = value_name;
      |    ^-^
      | 
This variable is mutable, but it is never modified. It could be declared as immutable using 'let'.

Warning: Unnecessary mutability src/v8_base.sail:54319.4-7:
54319 |    tmp : PMINTENSET_EL1_Type = value_name;
      |    ^-^
      | 
This variable is mutable, but it is never modified. It could be declared as immutable using 'let'.

Warning: Unnecessary mutability src/v8_base.sail:54327.4-7:
54327 |    tmp : SMIDR_EL1_Type = value_name;
      |    ^-^
      | 
This variable is mutable, but it is never modified. It could be declared as immutable using 'let'.

Warning: Unnecessary mutability src/v8_base.sail:54335.4-7:
54335 |    tmp : HFGWTR_EL2_Type = value_name;
      |    ^-^
      | 
This variable is mutable, but it is never modified. It could be declared as immutable using 'let'.

Warning: Unnecessary mutability src/v8_base.sail:54343.4-7:
54343 |    tmp : SMPRI_EL1_Type = value_name;
      |    ^-^
      | 
This variable is mutable, but it is never modified. It could be declared as immutable using 'let'.

Warning: Unnecessary mutability src/v8_base.sail:54351.4-7:
54351 |    tmp : PMUSERENR_EL0_Type = value_name;
      |    ^-^
      | 
This variable is mutable, but it is never modified. It could be declared as immutable using 'let'.

Warning: Unnecessary mutability src/v8_base.sail:54359.4-7:
54359 |    tmp : SCTLR2_EL2_Type = value_name;
      |    ^-^
      | 
This variable is mutable, but it is never modified. It could be declared as immutable using 'let'.

Warning: Unnecessary mutability src/v8_base.sail:54367.4-7:
54367 |    tmp : PMOVSSET_EL0_Type = value_name;
      |    ^-^
      | 
This variable is mutable, but it is never modified. It could be declared as immutable using 'let'.

Warning: Unnecessary mutability src/v8_base.sail:54375.4-7:
54375 |    tmp : ICV_AP0R_EL1_Type = value_name;
      |    ^-^
      | 
This variable is mutable, but it is never modified. It could be declared as immutable using 'let'.

Warning: Unnecessary mutability src/v8_base.sail:54383.4-7:
54383 |    tmp : SCTLR_EL3_Type = value_name;
      |    ^-^
      | 
This variable is mutable, but it is never modified. It could be declared as immutable using 'let'.

Warning: Unnecessary mutability src/v8_base.sail:54391.4-7:
54391 |    tmp : VBAR_EL1_Type = value_name;
      |    ^-^
      | 
This variable is mutable, but it is never modified. It could be declared as immutable using 'let'.

Warning: Unnecessary mutability src/v8_base.sail:54399.4-7:
54399 |    tmp : CNTFRQ_EL0_Type = value_name;
      |    ^-^
      | 
This variable is mutable, but it is never modified. It could be declared as immutable using 'let'.

Warning: Unnecessary mutability src/v8_base.sail:54407.4-7:
54407 |    tmp : ICV_CTLR_EL1_Type = value_name;
      |    ^-^
      | 
This variable is mutable, but it is never modified. It could be declared as immutable using 'let'.

Warning: Unnecessary mutability src/v8_base.sail:54415.4-7:
54415 |    tmp : MECID_A0_EL2_Type = value_name;
      |    ^-^
      | 
This variable is mutable, but it is never modified. It could be declared as immutable using 'let'.

Warning: Unnecessary mutability src/v8_base.sail:54423.4-7:
54423 |    tmp : ICV_IAR1_EL1_Type = value_name;
      |    ^-^
      | 
This variable is mutable, but it is never modified. It could be declared as immutable using 'let'.

Warning: Unnecessary mutability src/v8_base.sail:54431.4-7:
54431 |    tmp : CPACR_EL1_Type = value_name;
      |    ^-^
      | 
This variable is mutable, but it is never modified. It could be declared as immutable using 'let'.

Warning: Unnecessary mutability src/v8_base.sail:54439.4-7:
54439 |    tmp : DBGDTRRX_EL0_Type = value_name;
      |    ^-^
      | 
This variable is mutable, but it is never modified. It could be declared as immutable using 'let'.

Warning: Unnecessary mutability src/v8_base.sail:54447.4-7:
54447 |    tmp : SPSR_EL1_Type = value_name;
      |    ^-^
      | 
This variable is mutable, but it is never modified. It could be declared as immutable using 'let'.

Warning: Unnecessary mutability src/v8_base.sail:54484.4-7:
54484 |    tmp : MDSCR_EL1_Type = value_name;
      |    ^-^
      | 
This variable is mutable, but it is never modified. It could be declared as immutable using 'let'.

Warning: Unnecessary mutability src/v8_base.sail:54492.4-7:
54492 |    tmp : SPSR_fiq_Type = value_name;
      |    ^-^
      | 
This variable is mutable, but it is never modified. It could be declared as immutable using 'let'.

Warning: Unnecessary mutability src/v8_base.sail:54500.4-7:
54500 |    tmp : MECID_P0_EL2_Type = value_name;
      |    ^-^
      | 
This variable is mutable, but it is never modified. It could be declared as immutable using 'let'.

Warning: Unnecessary mutability src/v8_base.sail:54508.4-7:
54508 |    tmp : GPCCR_EL3_Type = value_name;
      |    ^-^
      | 
This variable is mutable, but it is never modified. It could be declared as immutable using 'let'.

Warning: Unnecessary mutability src/v8_base.sail:54516.4-7:
54516 |    tmp : HDFGWTR2_EL2_Type = value_name;
      |    ^-^
      | 
This variable is mutable, but it is never modified. It could be declared as immutable using 'let'.

Warning: Unnecessary mutability src/v8_base.sail:54524.4-7:
54524 |    tmp : TCR2_EL1_Type = value_name;
      |    ^-^
      | 
This variable is mutable, but it is never modified. It could be declared as immutable using 'let'.

Warning: Unnecessary mutability src/v8_base.sail:54532.4-7:
54532 |    tmp : DCZID_EL0_Type = value_name;
      |    ^-^
      | 
This variable is mutable, but it is never modified. It could be declared as immutable using 'let'.

Warning: Unnecessary mutability src/v8_base.sail:54540.4-7:
54540 |    tmp : VSTTBR_EL2_Type = value_name;
      |    ^-^
      | 
This variable is mutable, but it is never modified. It could be declared as immutable using 'let'.

Warning: Unnecessary mutability src/v8_base.sail:54548.4-7:
54548 |    tmp : TRFCR_EL2_Type = value_name;
      |    ^-^
      | 
This variable is mutable, but it is never modified. It could be declared as immutable using 'let'.

Warning: Unnecessary mutability src/v8_base.sail:54556.4-7:
54556 |    tmp : CNTHP_CTL_EL2_Type = value_name;
      |    ^-^
      | 
This variable is mutable, but it is never modified. It could be declared as immutable using 'let'.

Warning: Unnecessary mutability src/v8_base.sail:54564.4-7:
54564 |    tmp : CNTHVS_TVAL_EL2_Type = value_name;
      |    ^-^
      | 
This variable is mutable, but it is never modified. It could be declared as immutable using 'let'.

Warning: Unnecessary mutability src/v8_base.sail:54572.4-7:
54572 |    tmp : CNTHP_TVAL_EL2_Type = value_name;
      |    ^-^
      | 
This variable is mutable, but it is never modified. It could be declared as immutable using 'let'.

Warning: Unnecessary mutability src/v8_base.sail:54580.4-7:
54580 |    tmp : CNTHCTL_EL2_Type = value_name;
      |    ^-^
      | 
This variable is mutable, but it is never modified. It could be declared as immutable using 'let'.

Warning: Unnecessary mutability src/v8_base.sail:54588.4-7:
54588 |    tmp : MDRAR_EL1_Type = value_name;
      |    ^-^
      | 
This variable is mutable, but it is never modified. It could be declared as immutable using 'let'.

Warning: Unnecessary mutability src/v8_base.sail:54596.4-7:
54596 |    tmp : OSDTRRX_EL1_Type = value_name;
      |    ^-^
      | 
This variable is mutable, but it is never modified. It could be declared as immutable using 'let'.

Warning: Unnecessary mutability src/v8_base.sail:54604.4-7:
54604 |    tmp : PFAR_EL1_Type = value_name;
      |    ^-^
      | 
This variable is mutable, but it is never modified. It could be declared as immutable using 'let'.

Warning: Unnecessary mutability src/v8_base.sail:54612.4-7:
54612 |    tmp : IFSR32_EL2_Type = value_name;
      |    ^-^
      | 
This variable is mutable, but it is never modified. It could be declared as immutable using 'let'.

Warning: Unnecessary mutability src/v8_base.sail:54620.4-7:
54620 |    tmp : ICC_IGRPEN1_EL3_Type = value_name;
      |    ^-^
      | 
This variable is mutable, but it is never modified. It could be declared as immutable using 'let'.

Warning: Unnecessary mutability src/v8_base.sail:54628.4-7:
54628 |    tmp : LORSA_EL1_Type = value_name;
      |    ^-^
      | 
This variable is mutable, but it is never modified. It could be declared as immutable using 'let'.

Warning: Unnecessary mutability src/v8_base.sail:54636.4-7:
54636 |    tmp : DBGWCR_EL1_Type = value_name;
      |    ^-^
      | 
This variable is mutable, but it is never modified. It could be declared as immutable using 'let'.

Warning: Unnecessary mutability src/v8_base.sail:54644.4-7:
54644 |    tmp : ESR_EL3_Type = value_name;
      |    ^-^
      | 
This variable is mutable, but it is never modified. It could be declared as immutable using 'let'.

Warning: Unnecessary mutability src/v8_base.sail:54652.4-7:
54652 |    tmp : PMEVTYPER_EL0_Type = value_name;
      |    ^-^
      | 
This variable is mutable, but it is never modified. It could be declared as immutable using 'let'.

Warning: Unnecessary mutability src/v8_base.sail:54660.4-7:
54660 |    tmp : CNTV_CTL_EL0_Type = value_name;
      |    ^-^
      | 
This variable is mutable, but it is never modified. It could be declared as immutable using 'let'.

Warning: Unnecessary mutability src/v8_base.sail:54668.4-7:
54668 |    tmp : TRFCR_EL1_Type = value_name;
      |    ^-^
      | 
This variable is mutable, but it is never modified. It could be declared as immutable using 'let'.

Warning: Unnecessary mutability src/v8_base.sail:54676.4-7:
54676 |    tmp : OSDTRTX_EL1_Type = value_name;
      |    ^-^
      | 
This variable is mutable, but it is never modified. It could be declared as immutable using 'let'.

Warning: Unnecessary mutability src/v8_base.sail:54684.4-7:
54684 |    tmp : ICH_VMCR_EL2_Type = value_name;
      |    ^-^
      | 
This variable is mutable, but it is never modified. It could be declared as immutable using 'let'.

Warning: Unnecessary mutability src/v8_base.sail:54692.4-7:
54692 |    tmp : VPIDR_EL2_Type = value_name;
      |    ^-^
      | 
This variable is mutable, but it is never modified. It could be declared as immutable using 'let'.

Warning: Unnecessary mutability src/v8_base.sail:54700.4-7:
54700 |    tmp : ICC_CTLR_EL3_Type = value_name;
      |    ^-^
      | 
This variable is mutable, but it is never modified. It could be declared as immutable using 'let'.

Warning: Unnecessary mutability src/v8_base.sail:54708.4-7:
54708 |    tmp : SCTLR_EL2_Type = value_name;
      |    ^-^
      | 
This variable is mutable, but it is never modified. It could be declared as immutable using 'let'.

Warning: Unnecessary mutability src/v8_base.sail:54716.4-7:
54716 |    tmp : OSLSR_EL1_Type = value_name;
      |    ^-^
      | 
This variable is mutable, but it is never modified. It could be declared as immutable using 'let'.

Warning: Unnecessary mutability src/v8_base.sail:54724.4-7:
54724 |    tmp : MDCR_EL3_Type = value_name;
      |    ^-^
      | 
This variable is mutable, but it is never modified. It could be declared as immutable using 'let'.

Warning: Unnecessary mutability src/v8_base.sail:54732.4-7:
54732 |    tmp : SCTLR2_EL3_Type = value_name;
      |    ^-^
      | 
This variable is mutable, but it is never modified. It could be declared as immutable using 'let'.

Warning: Unnecessary mutability src/v8_base.sail:54740.4-7:
54740 |    tmp : PMCNTENSET_EL0_Type = value_name;
      |    ^-^
      | 
This variable is mutable, but it is never modified. It could be declared as immutable using 'let'.

Warning: Unnecessary mutability src/v8_base.sail:54748.4-7:
54748 |    tmp : ICC_SRE_EL2_Type = value_name;
      |    ^-^
      | 
This variable is mutable, but it is never modified. It could be declared as immutable using 'let'.

Warning: Unnecessary mutability src/v8_base.sail:54756.4-7:
54756 |    tmp : CNTPS_CTL_EL1_Type = value_name;
      |    ^-^
      | 
This variable is mutable, but it is never modified. It could be declared as immutable using 'let'.

Warning: Unnecessary mutability src/v8_base.sail:54764.4-7:
54764 |    tmp : DACR32_EL2_Type = value_name;
      |    ^-^
      | 
This variable is mutable, but it is never modified. It could be declared as immutable using 'let'.

Warning: Unnecessary mutability src/v8_base.sail:54772.4-7:
54772 |    tmp : LORC_EL1_Type = value_name;
      |    ^-^
      | 
This variable is mutable, but it is never modified. It could be declared as immutable using 'let'.

Warning: Unnecessary mutability src/v8_base.sail:54780.4-7:
54780 |    tmp : ID_AA64PFR2_EL1_Type = value_name;
      |    ^-^
      | 
This variable is mutable, but it is never modified. It could be declared as immutable using 'let'.

Warning: Unnecessary mutability src/v8_base.sail:54788.4-7:
54788 |    tmp : TCR_EL2_Type = value_name;
      |    ^-^
      | 
This variable is mutable, but it is never modified. It could be declared as immutable using 'let'.

Warning: Unnecessary mutability src/v8_base.sail:54796.4-7:
54796 |    tmp : CCSIDR2_EL1_Type = value_name;
      |    ^-^
      | 
This variable is mutable, but it is never modified. It could be declared as immutable using 'let'.

Warning: Unnecessary mutability src/v8_base.sail:54804.4-7:
54804 |    tmp : CTR_EL0_Type = value_name;
      |    ^-^
      | 
This variable is mutable, but it is never modified. It could be declared as immutable using 'let'.

Warning: Unnecessary mutability src/v8_base.sail:54812.4-7:
54812 |    tmp : SPSR_und_Type = value_name;
      |    ^-^
      | 
This variable is mutable, but it is never modified. It could be declared as immutable using 'let'.

Warning: Unnecessary mutability src/v8_base.sail:54820.4-7:
54820 |    tmp : ID_AA64ISAR2_EL1_Type = value_name;
      |    ^-^
      | 
This variable is mutable, but it is never modified. It could be declared as immutable using 'let'.

Warning: Unnecessary mutability src/v8_base.sail:54828.4-7:
54828 |    tmp : CPTR_EL3_Type = value_name;
      |    ^-^
      | 
This variable is mutable, but it is never modified. It could be declared as immutable using 'let'.

Warning: Unnecessary mutability src/v8_base.sail:54836.4-7:
54836 |    tmp : HFGRTR2_EL2_Type = value_name;
      |    ^-^
      | 
This variable is mutable, but it is never modified. It could be declared as immutable using 'let'.

Warning: Unnecessary mutability src/v8_base.sail:54844.4-7:
54844 |    tmp : RMR_EL3_Type = value_name;
      |    ^-^
      | 
This variable is mutable, but it is never modified. It could be declared as immutable using 'let'.

Warning: Unnecessary mutability src/v8_base.sail:54852.4-7:
54852 |    tmp : ICH_HCR_EL2_Type = value_name;
      |    ^-^
      | 
This variable is mutable, but it is never modified. It could be declared as immutable using 'let'.

Warning: Unnecessary mutability src/v8_base.sail:54860.4-7:
54860 |    tmp : ICC_IGRPEN0_EL1_Type = value_name;
      |    ^-^
      | 
This variable is mutable, but it is never modified. It could be declared as immutable using 'let'.

Warning: Unnecessary mutability src/v8_base.sail:54868.4-7:
54868 |    tmp : CNTHPS_TVAL_EL2_Type = value_name;
      |    ^-^
      | 
This variable is mutable, but it is never modified. It could be declared as immutable using 'let'.

Warning: Unnecessary mutability src/v8_base.sail:54876.4-7:
54876 |    tmp : ICC_BPR1_EL1_Type = value_name;
      |    ^-^
      | 
This variable is mutable, but it is never modified. It could be declared as immutable using 'let'.

Warning: Unnecessary mutability src/v8_base.sail:54884.4-7:
54884 |    tmp : ICC_BPR1_EL1_Type = value_name;
      |    ^-^
      | 
This variable is mutable, but it is never modified. It could be declared as immutable using 'let'.

Warning: Unnecessary mutability src/v8_base.sail:54892.4-7:
54892 |    tmp : ICC_BPR1_EL1_Type = value_name;
      |    ^-^
      | 
This variable is mutable, but it is never modified. It could be declared as immutable using 'let'.

Warning: Unnecessary mutability src/v8_base.sail:54900.4-7:
54900 |    tmp : MECID_A1_EL2_Type = value_name;
      |    ^-^
      | 
This variable is mutable, but it is never modified. It could be declared as immutable using 'let'.

Warning: Unnecessary mutability src/v8_base.sail:54908.4-7:
54908 |    tmp : ID_AA64MMFR0_EL1_Type = value_name;
      |    ^-^
      | 
This variable is mutable, but it is never modified. It could be declared as immutable using 'let'.

Warning: Unnecessary mutability src/v8_base.sail:54930.4-7:
54930 |    tmp : HDFGRTR2_EL2_Type = value_name;
      |    ^-^
      | 
This variable is mutable, but it is never modified. It could be declared as immutable using 'let'.

Warning: Unnecessary mutability src/v8_base.sail:54938.4-7:
54938 |    tmp : DBGPRCR_EL1_Type = value_name;
      |    ^-^
      | 
This variable is mutable, but it is never modified. It could be declared as immutable using 'let'.

Warning: Unnecessary mutability src/v8_base.sail:54946.4-7:
54946 |    tmp : PMCNTENCLR_EL0_Type = value_name;
      |    ^-^
      | 
This variable is mutable, but it is never modified. It could be declared as immutable using 'let'.

Warning: Unnecessary mutability src/v8_base.sail:54954.4-7:
54954 |    tmp : SDER32_EL3_Type = value_name;
      |    ^-^
      | 
This variable is mutable, but it is never modified. It could be declared as immutable using 'let'.

Warning: Unnecessary mutability src/v8_base.sail:54962.4-7:
54962 |    tmp : HPFAR_EL2_Type = value_name;
      |    ^-^
      | 
This variable is mutable, but it is never modified. It could be declared as immutable using 'let'.

Warning: Unnecessary mutability src/v8_base.sail:54970.4-7:
54970 |    tmp : VMPIDR_EL2_Type = value_name;
      |    ^-^
      | 
This variable is mutable, but it is never modified. It could be declared as immutable using 'let'.

Warning: Unnecessary mutability src/v8_base.sail:54978.4-7:
54978 |    tmp : ID_AA64MMFR3_EL1_Type = value_name;
      |    ^-^
      | 
This variable is mutable, but it is never modified. It could be declared as immutable using 'let'.

Warning: Unnecessary mutability src/v8_base.sail:54986.4-7:
54986 |    tmp : ICH_VTR_EL2_Type = value_name;
      |    ^-^
      | 
This variable is mutable, but it is never modified. It could be declared as immutable using 'let'.

Warning: Unnecessary mutability src/v8_base.sail:54994.4-7:
54994 |    tmp : MDSELR_EL1_Type = value_name;
      |    ^-^
      | 
This variable is mutable, but it is never modified. It could be declared as immutable using 'let'.

Warning: Unnecessary mutability src/v8_base.sail:55002.4-7:
55002 |    tmp : VBAR_EL3_Type = value_name;
      |    ^-^
      | 
This variable is mutable, but it is never modified. It could be declared as immutable using 'let'.

Warning: Unnecessary mutability src/v8_base.sail:55010.4-7:
55010 |    tmp : MDCR_EL2_Type = value_name;
      |    ^-^
      | 
This variable is mutable, but it is never modified. It could be declared as immutable using 'let'.

Warning: Unnecessary mutability src/v8_base.sail:55018.4-7:
55018 |    tmp : CNTKCTL_EL1_Type = value_name;
      |    ^-^
      | 
This variable is mutable, but it is never modified. It could be declared as immutable using 'let'.

Warning: Unnecessary mutability src/v8_base.sail:55026.4-7:
55026 |    tmp : LORN_EL1_Type = value_name;
      |    ^-^
      | 
This variable is mutable, but it is never modified. It could be declared as immutable using 'let'.

Warning: Unnecessary mutability src/v8_base.sail:55034.4-7:
55034 |    tmp : ICV_IGRPEN0_EL1_Type = value_name;
      |    ^-^
      | 
This variable is mutable, but it is never modified. It could be declared as immutable using 'let'.

Warning: Unnecessary mutability src/v8_base.sail:55042.4-7:
55042 |    tmp : SPSR_EL3_Type = value_name;
      |    ^-^
      | 
This variable is mutable, but it is never modified. It could be declared as immutable using 'let'.

Warning: Unnecessary mutability src/v8_base.sail:55050.4-7:
55050 |    tmp : CCSIDR_EL1_Type = value_name;
      |    ^-^
      | 
This variable is mutable, but it is never modified. It could be declared as immutable using 'let'.

Warning: Unnecessary mutability src/v8_base.sail:55058.4-7:
55058 |    tmp : VMECID_P_EL2_Type = value_name;
      |    ^-^
      | 
This variable is mutable, but it is never modified. It could be declared as immutable using 'let'.

Warning: Unnecessary mutability src/v8_base.sail:55066.4-7:
55066 |    tmp : OSECCR_EL1_Type = value_name;
      |    ^-^
      | 
This variable is mutable, but it is never modified. It could be declared as immutable using 'let'.

Warning: Unnecessary mutability src/v8_base.sail:55074.4-7:
55074 |    tmp : DBGVCR32_EL2_Type = value_name;
      |    ^-^
      | 
This variable is mutable, but it is never modified. It could be declared as immutable using 'let'.

Warning: Unnecessary mutability src/v8_base.sail:55082.4-7:
55082 |    tmp : HFGRTR_EL2_Type = value_name;
      |    ^-^
      | 
This variable is mutable, but it is never modified. It could be declared as immutable using 'let'.

Warning: Unnecessary mutability src/v8_base.sail:55090.4-7:
55090 |    tmp : CPTR_EL2_Type = value_name;
      |    ^-^
      | 
This variable is mutable, but it is never modified. It could be declared as immutable using 'let'.

Warning: Unnecessary mutability src/v8_base.sail:55098.4-7:
55098 |    tmp : CLIDR_EL1_Type = value_name;
      |    ^-^
      | 
This variable is mutable, but it is never modified. It could be declared as immutable using 'let'.

Warning: Unnecessary mutability src/v8_base.sail:55106.4-7:
55106 |    tmp : HCRX_EL2_Type = value_name;
      |    ^-^
      | 
This variable is mutable, but it is never modified. It could be declared as immutable using 'let'.

Warning: Unnecessary mutability src/v8_base.sail:55114.4-7:
55114 |    tmp : ICV_IGRPEN1_EL1_Type = value_name;
      |    ^-^
      | 
This variable is mutable, but it is never modified. It could be declared as immutable using 'let'.

Warning: Unnecessary mutability src/v8_base.sail:55122.4-7:
55122 |    tmp : HFGWTR2_EL2_Type = value_name;
      |    ^-^
      | 
This variable is mutable, but it is never modified. It could be declared as immutable using 'let'.

Warning: Unnecessary mutability src/v8_base.sail:55130.4-7:
55130 |    tmp : MECID_P1_EL2_Type = value_name;
      |    ^-^
      | 
This variable is mutable, but it is never modified. It could be declared as immutable using 'let'.

Warning: Unnecessary mutability src/v8_base.sail:55138.4-7:
55138 |    tmp : SPMSELR_EL0_Type = value_name;
      |    ^-^
      | 
This variable is mutable, but it is never modified. It could be declared as immutable using 'let'.

Warning: Unnecessary mutability src/v8_base.sail:55146.4-7:
55146 |    tmp : DBGAUTHSTATUS_EL1_Type = value_name;
      |    ^-^
      | 
This variable is mutable, but it is never modified. It could be declared as immutable using 'let'.

Warning: Unnecessary mutability src/v8_base.sail:55165.4-7:
55165 |    tmp : ICC_SRE_EL3_Type = value_name;
      |    ^-^
      | 
This variable is mutable, but it is never modified. It could be declared as immutable using 'let'.

Warning: Unnecessary mutability src/v8_base.sail:55173.4-7:
55173 |    tmp : HDFGWTR_EL2_Type = value_name;
      |    ^-^
      | 
This variable is mutable, but it is never modified. It could be declared as immutable using 'let'.

Warning: Unnecessary mutability src/v8_base.sail:55181.4-7:
55181 |    tmp : CNTPS_TVAL_EL1_Type = value_name;
      |    ^-^
      | 
This variable is mutable, but it is never modified. It could be declared as immutable using 'let'.

Warning: Unnecessary mutability src/v8_base.sail:55189.4-7:
55189 |    tmp : ID_AA64AFR1_EL1_Type = value_name;
      |    ^-^
      | 
This variable is mutable, but it is never modified. It could be declared as immutable using 'let'.

Warning: Unnecessary mutability src/v8_base.sail:55197.4-7:
55197 |    tmp : ICV_AP1R_EL1_Type = value_name;
      |    ^-^
      | 
This variable is mutable, but it is never modified. It could be declared as immutable using 'let'.

Warning: Unnecessary mutability src/v8_base.sail:55205.4-7:
55205 |    tmp : LOREA_EL1_Type = value_name;
      |    ^-^
      | 
This variable is mutable, but it is never modified. It could be declared as immutable using 'let'.

Warning: Unnecessary mutability src/v8_base.sail:55213.4-7:
55213 |    tmp : CNTV_TVAL_EL0_Type = value_name;
      |    ^-^
      | 
This variable is mutable, but it is never modified. It could be declared as immutable using 'let'.

Warning: Unnecessary mutability src/v8_base.sail:55221.4-7:
55221 |    tmp : ICC_IAR1_EL1_Type = value_name;
      |    ^-^
      | 
This variable is mutable, but it is never modified. It could be declared as immutable using 'let'.

Warning: Unnecessary mutability src/v8_base.sail:55229.4-7:
55229 |    tmp : MPIDR_EL1_Type = value_name;
      |    ^-^
      | 
This variable is mutable, but it is never modified. It could be declared as immutable using 'let'.

Warning: Unnecessary mutability src/v8_base.sail:55237.4-7:
55237 |    tmp : DBGCLAIMCLR_EL1_Type = value_name;
      |    ^-^
      | 
This variable is mutable, but it is never modified. It could be declared as immutable using 'let'.

Warning: Unnecessary mutability src/v8_base.sail:55245.4-7:
55245 |    tmp : DBGWVR_EL1_Type = value_name;
      |    ^-^
      | 
This variable is mutable, but it is never modified. It could be declared as immutable using 'let'.

Warning: Unnecessary mutability src/v8_base.sail:55253.4-7:
55253 |    tmp : ICV_HPPIR1_EL1_Type = value_name;
      |    ^-^
      | 
This variable is mutable, but it is never modified. It could be declared as immutable using 'let'.

Warning: Unnecessary mutability src/v8_base.sail:55261.4-7:
55261 |    tmp : ID_AA64AFR0_EL1_Type = value_name;
      |    ^-^
      | 
This variable is mutable, but it is never modified. It could be declared as immutable using 'let'.

Warning: Unnecessary mutability src/v8_base.sail:55269.4-7:
55269 |    tmp : CNTHV_CTL_EL2_Type = value_name;
      |    ^-^
      | 
This variable is mutable, but it is never modified. It could be declared as immutable using 'let'.

Warning: Unnecessary mutability src/v8_base.sail:55277.4-7:
55277 |    tmp : ID_AA64ZFR0_EL1_Type = value_name;
      |    ^-^
      | 
This variable is mutable, but it is never modified. It could be declared as immutable using 'let'.

Warning: Unnecessary mutability src/v8_base.sail:55285.4-7:
55285 |    tmp : DBGDSAR_Type = value_name;
      |    ^-^
      | 
This variable is mutable, but it is never modified. It could be declared as immutable using 'let'.

Warning: Unnecessary mutability src/v8_base.sail:55293.4-7:
55293 |    tmp : DBGDRAR_Type = value_name;
      |    ^-^
      | 
This variable is mutable, but it is never modified. It could be declared as immutable using 'let'.

Warning: Unnecessary mutability src/v8_base.sail:55301.4-7:
55301 |    tmp : ZCR_EL3_Type = value_name;
      |    ^-^
      | 
This variable is mutable, but it is never modified. It could be declared as immutable using 'let'.

Warning: Unnecessary mutability src/v8_base.sail:55309.4-7:
55309 |    tmp : ZCR_EL1_Type = value_name;
      |    ^-^
      | 
This variable is mutable, but it is never modified. It could be declared as immutable using 'let'.

Warning: Unnecessary mutability src/v8_base.sail:55317.4-7:
55317 |    tmp : ZCR_EL2_Type = value_name;
      |    ^-^
      | 
This variable is mutable, but it is never modified. It could be declared as immutable using 'let'.

Warning: Unnecessary mutability src/v8_base.sail:55325.4-7:
55325 |    tmp : SMCR_EL3_Type = value_name;
      |    ^-^
      | 
This variable is mutable, but it is never modified. It could be declared as immutable using 'let'.

Warning: Unnecessary mutability src/v8_base.sail:55333.4-7:
55333 |    tmp : SMCR_EL1_Type = value_name;
      |    ^-^
      | 
This variable is mutable, but it is never modified. It could be declared as immutable using 'let'.

Warning: Unnecessary mutability src/v8_base.sail:55341.4-7:
55341 |    tmp : SMCR_EL2_Type = value_name;
      |    ^-^
      | 
This variable is mutable, but it is never modified. It could be declared as immutable using 'let'.

Warning: Unnecessary mutability src/v8_base.sail:55349.4-7:
55349 |    tmp : ID_AA64SMFR0_EL1_Type = value_name;
      |    ^-^
      | 
This variable is mutable, but it is never modified. It could be declared as immutable using 'let'.

Warning: Unnecessary mutability src/v8_base.sail:55357.4-7:
55357 |    tmp : MPAMHCR_EL2_Type = value_name;
      |    ^-^
      | 
This variable is mutable, but it is never modified. It could be declared as immutable using 'let'.

Warning: Unnecessary mutability src/v8_base.sail:55376.4-7:
55376 |    tmp : MPAM2_EL2_Type = value_name;
      |    ^-^
      | 
This variable is mutable, but it is never modified. It could be declared as immutable using 'let'.

Warning: Unnecessary mutability src/v8_base.sail:55384.4-7:
55384 |    tmp : MPAM3_EL3_Type = value_name;
      |    ^-^
      | 
This variable is mutable, but it is never modified. It could be declared as immutable using 'let'.

Warning: Unnecessary mutability src/v8_base.sail:55392.4-7:
55392 |    tmp : MPAM0_EL1_Type = value_name;
      |    ^-^
      | 
This variable is mutable, but it is never modified. It could be declared as immutable using 'let'.

Warning: Unnecessary mutability src/v8_base.sail:55400.4-7:
55400 |    tmp : MPAMSM_EL1_Type = value_name;
      |    ^-^
      | 
This variable is mutable, but it is never modified. It could be declared as immutable using 'let'.

Warning: Unnecessary mutability src/v8_base.sail:55408.4-7:
55408 |    tmp : MPAM1_EL1_Type = value_name;
      |    ^-^
      | 
This variable is mutable, but it is never modified. It could be declared as immutable using 'let'.

Warning: Unnecessary mutability src/v8_base.sail:55416.4-7:
55416 |    tmp : MPAMVPMV_EL2_Type = value_name;
      |    ^-^
      | 
This variable is mutable, but it is never modified. It could be declared as immutable using 'let'.

Warning: Unnecessary mutability src/v8_base.sail:55424.4-7:
55424 |    tmp : GMID_EL1_Type = value_name;
      |    ^-^
      | 
This variable is mutable, but it is never modified. It could be declared as immutable using 'let'.

Warning: Unnecessary mutability src/v8_base.sail:55432.4-7:
55432 |    tmp : TFSR_EL3_Type = value_name;
      |    ^-^
      | 
This variable is mutable, but it is never modified. It could be declared as immutable using 'let'.

Warning: Unnecessary mutability src/v8_base.sail:55440.4-7:
55440 |    tmp : TFSRE0_EL1_Type = value_name;
      |    ^-^
      | 
This variable is mutable, but it is never modified. It could be declared as immutable using 'let'.

Warning: Unnecessary mutability src/v8_base.sail:55448.4-7:
55448 |    tmp : TFSR_EL2_Type = value_name;
      |    ^-^
      | 
This variable is mutable, but it is never modified. It could be declared as immutable using 'let'.

Warning: Unnecessary mutability src/v8_base.sail:55456.4-7:
55456 |    tmp : TFSR_EL1_Type = value_name;
      |    ^-^
      | 
This variable is mutable, but it is never modified. It could be declared as immutable using 'let'.

Warning: Unnecessary mutability src/v8_base.sail:55464.4-7:
55464 |    tmp : RGSR_EL1_Type = value_name;
      |    ^-^
      | 
This variable is mutable, but it is never modified. It could be declared as immutable using 'let'.

Warning: Unnecessary mutability src/v8_base.sail:55472.4-7:
55472 |    tmp : GCR_EL1_Type = value_name;
      |    ^-^
      | 
This variable is mutable, but it is never modified. It could be declared as immutable using 'let'.

Warning: Unnecessary mutability src/v8_base.sail:55480.4-7:
55480 |    tmp : AMCR_EL0_Type = value_name;
      |    ^-^
      | 
This variable is mutable, but it is never modified. It could be declared as immutable using 'let'.

Warning: Unnecessary mutability src/v8_base.sail:55488.4-7:
55488 |    tmp : AMCNTENSET0_EL0_Type = value_name;
      |    ^-^
      | 
This variable is mutable, but it is never modified. It could be declared as immutable using 'let'.

Warning: Unnecessary mutability src/v8_base.sail:55496.4-7:
55496 |    tmp : AMCNTENCLR0_EL0_Type = value_name;
      |    ^-^
      | 
This variable is mutable, but it is never modified. It could be declared as immutable using 'let'.

Warning: Unnecessary mutability src/v8_base.sail:55504.4-7:
55504 |    tmp : AMEVTYPER0_EL0_Type = value_name;
      |    ^-^
      | 
This variable is mutable, but it is never modified. It could be declared as immutable using 'let'.

Warning: Unnecessary mutability src/v8_base.sail:55512.4-7:
55512 |    tmp : AMCNTENSET1_EL0_Type = value_name;
      |    ^-^
      | 
This variable is mutable, but it is never modified. It could be declared as immutable using 'let'.

Warning: Unnecessary mutability src/v8_base.sail:55520.4-7:
55520 |    tmp : AMCNTENCLR1_EL0_Type = value_name;
      |    ^-^
      | 
This variable is mutable, but it is never modified. It could be declared as immutable using 'let'.

Warning: Unnecessary mutability src/v8_base.sail:55528.4-7:
55528 |    tmp : AMCFGR_EL0_Type = value_name;
      |    ^-^
      | 
This variable is mutable, but it is never modified. It could be declared as immutable using 'let'.

Warning: Unnecessary mutability src/v8_base.sail:55536.4-7:
55536 |    tmp : AMUSERENR_EL0_Type = value_name;
      |    ^-^
      | 
This variable is mutable, but it is never modified. It could be declared as immutable using 'let'.

Warning: Unnecessary mutability src/v8_base.sail:55544.4-7:
55544 |    tmp : AMCG1IDR_EL0_Type = value_name;
      |    ^-^
      | 
This variable is mutable, but it is never modified. It could be declared as immutable using 'let'.

Warning: Unnecessary mutability src/v8_base.sail:55552.4-7:
55552 |    tmp : AMEVTYPER1_EL0_Type = value_name;
      |    ^-^
      | 
This variable is mutable, but it is never modified. It could be declared as immutable using 'let'.

Warning: Unnecessary mutability src/v8_base.sail:55560.4-7:
55560 |    tmp : AMCGCR_EL0_Type = value_name;
      |    ^-^
      | 
This variable is mutable, but it is never modified. It could be declared as immutable using 'let'.

Warning: Unnecessary mutability src/v8_base.sail:55568.4-7:
55568 |    tmp : PMSFCR_EL1_Type = value_name;
      |    ^-^
      | 
This variable is mutable, but it is never modified. It could be declared as immutable using 'let'.

Warning: Unnecessary mutability src/v8_base.sail:55576.4-7:
55576 |    tmp : PMSIRR_EL1_Type = value_name;
      |    ^-^
      | 
This variable is mutable, but it is never modified. It could be declared as immutable using 'let'.

Warning: Unnecessary mutability src/v8_base.sail:55584.4-7:
55584 |    tmp : PMSICR_EL1_Type = value_name;
      |    ^-^
      | 
This variable is mutable, but it is never modified. It could be declared as immutable using 'let'.

Warning: Unnecessary mutability src/v8_base.sail:55652.4-7:
55652 |    tmp : PMBLIMITR_EL1_Type = value_name;
      |    ^-^
      | 
This variable is mutable, but it is never modified. It could be declared as immutable using 'let'.

Warning: Unnecessary mutability src/v8_base.sail:55660.4-7:
55660 |    tmp : PMBSR_EL1_Type = value_name;
      |    ^-^
      | 
This variable is mutable, but it is never modified. It could be declared as immutable using 'let'.

Warning: Unnecessary mutability src/v8_base.sail:55668.4-7:
55668 |    tmp : PMSCR_EL2_Type = value_name;
      |    ^-^
      | 
This variable is mutable, but it is never modified. It could be declared as immutable using 'let'.

Warning: Unnecessary mutability src/v8_base.sail:55676.4-7:
55676 |    tmp : PMSCR_EL1_Type = value_name;
      |    ^-^
      | 
This variable is mutable, but it is never modified. It could be declared as immutable using 'let'.

Warning: Unnecessary mutability src/v8_base.sail:55684.4-7:
55684 |    tmp : PMSIDR_EL1_Type = value_name;
      |    ^-^
      | 
This variable is mutable, but it is never modified. It could be declared as immutable using 'let'.

Warning: Unnecessary mutability src/v8_base.sail:55826.4-7:
55826 |    tmp : PMBIDR_EL1_Type = value_name;
      |    ^-^
      | 
This variable is mutable, but it is never modified. It could be declared as immutable using 'let'.

Warning: Unnecessary mutability src/v8_base.sail:55834.4-7:
55834 |    tmp : PMSLATFR_EL1_Type = value_name;
      |    ^-^
      | 
This variable is mutable, but it is never modified. It could be declared as immutable using 'let'.

Warning: Unnecessary mutability src/v8_base.sail:55842.4-7:
55842 |    tmp : VDISR_EL2_Type = value_name;
      |    ^-^
      | 
This variable is mutable, but it is never modified. It could be declared as immutable using 'let'.

Warning: Unnecessary mutability src/v8_base.sail:55850.4-7:
55850 |    tmp : ERRIDR_EL1_Type = value_name;
      |    ^-^
      | 
This variable is mutable, but it is never modified. It could be declared as immutable using 'let'.

Warning: Unnecessary mutability src/v8_base.sail:55858.4-7:
55858 |    tmp : DISR_EL1_Type = value_name;
      |    ^-^
      | 
This variable is mutable, but it is never modified. It could be declared as immutable using 'let'.

Warning: Unnecessary mutability src/v8_base.sail:55866.4-7:
55866 |    tmp : ERRSELR_EL1_Type = value_name;
      |    ^-^
      | 
This variable is mutable, but it is never modified. It could be declared as immutable using 'let'.

Warning: Unnecessary mutability src/v8_base.sail:55874.4-7:
55874 |    tmp : VSESR_EL2_Type = value_name;
      |    ^-^
      | 
This variable is mutable, but it is never modified. It could be declared as immutable using 'let'.

Warning: Unnecessary mutability src/v8_base.sail:55882.4-7:
55882 |    tmp : BRBINF_EL1_Type = value_name;
      |    ^-^
      | 
This variable is mutable, but it is never modified. It could be declared as immutable using 'let'.

Warning: Unnecessary mutability src/v8_base.sail:55890.4-7:
55890 |    tmp : BRBCR_EL2_Type = value_name;
      |    ^-^
      | 
This variable is mutable, but it is never modified. It could be declared as immutable using 'let'.

Warning: Unnecessary mutability src/v8_base.sail:55898.4-7:
55898 |    tmp : BRBFCR_EL1_Type = value_name;
      |    ^-^
      | 
This variable is mutable, but it is never modified. It could be declared as immutable using 'let'.

Warning: Unnecessary mutability src/v8_base.sail:55906.4-7:
55906 |    tmp : BRBINFINJ_EL1_Type = value_name;
      |    ^-^
      | 
This variable is mutable, but it is never modified. It could be declared as immutable using 'let'.

Warning: Unnecessary mutability src/v8_base.sail:55914.4-7:
55914 |    tmp : BRBCR_EL1_Type = value_name;
      |    ^-^
      | 
This variable is mutable, but it is never modified. It could be declared as immutable using 'let'.

Warning: Unnecessary mutability src/v8_base.sail:55922.4-7:
55922 |    tmp : BRBIDR0_EL1_Type = value_name;
      |    ^-^
      | 
This variable is mutable, but it is never modified. It could be declared as immutable using 'let'.

Warning: Unnecessary mutability src/v8_base.sail:55930.4-7:
55930 |    tmp : GCSPR_EL3_Type = value_name;
      |    ^-^
      | 
This variable is mutable, but it is never modified. It could be declared as immutable using 'let'.

Warning: Unnecessary mutability src/v8_base.sail:55938.4-7:
55938 |    tmp : GCSPR_EL1_Type = value_name;
      |    ^-^
      | 
This variable is mutable, but it is never modified. It could be declared as immutable using 'let'.

Warning: Unnecessary mutability src/v8_base.sail:55946.4-7:
55946 |    tmp : GCSCR_EL3_Type = value_name;
      |    ^-^
      | 
This variable is mutable, but it is never modified. It could be declared as immutable using 'let'.

Warning: Unnecessary mutability src/v8_base.sail:55954.4-7:
55954 |    tmp : GCSCR_EL1_Type = value_name;
      |    ^-^
      | 
This variable is mutable, but it is never modified. It could be declared as immutable using 'let'.

Warning: Unnecessary mutability src/v8_base.sail:55962.4-7:
55962 |    tmp : GCSPR_EL2_Type = value_name;
      |    ^-^
      | 
This variable is mutable, but it is never modified. It could be declared as immutable using 'let'.

Warning: Unnecessary mutability src/v8_base.sail:55970.4-7:
55970 |    tmp : GCSCR_EL2_Type = value_name;
      |    ^-^
      | 
This variable is mutable, but it is never modified. It could be declared as immutable using 'let'.

Warning: Unnecessary mutability src/v8_base.sail:55978.4-7:
55978 |    tmp : GCSCRE0_EL1_Type = value_name;
      |    ^-^
      | 
This variable is mutable, but it is never modified. It could be declared as immutable using 'let'.

Warning: Unnecessary mutability src/v8_base.sail:55986.4-7:
55986 |    tmp : GCSPR_EL0_Type = value_name;
      |    ^-^
      | 
This variable is mutable, but it is never modified. It could be declared as immutable using 'let'.

Warning: Unnecessary mutability src/v8_base.sail:56005.4-7:
56005 |    tmp : ICH_ELRSR_Type = value_name;
      |    ^-^
      | 
This variable is mutable, but it is never modified. It could be declared as immutable using 'let'.

Warning: Unnecessary mutability src/v8_base.sail:56013.4-7:
56013 |    tmp : ICC_IAR1_Type = value_name;
      |    ^-^
      | 
This variable is mutable, but it is never modified. It could be declared as immutable using 'let'.

Warning: Unnecessary mutability src/v8_base.sail:56021.4-7:
56021 |    tmp : JOSCR_Type = value_name;
      |    ^-^
      | 
This variable is mutable, but it is never modified. It could be declared as immutable using 'let'.

Warning: Unnecessary mutability src/v8_base.sail:56040.4-7:
56040 |    tmp : ICV_IGRPEN1_Type = value_name;
      |    ^-^
      | 
This variable is mutable, but it is never modified. It could be declared as immutable using 'let'.

Warning: Unnecessary mutability src/v8_base.sail:56048.4-7:
56048 |    tmp : CTR_Type = value_name;
      |    ^-^
      | 
This variable is mutable, but it is never modified. It could be declared as immutable using 'let'.

Warning: Unnecessary mutability src/v8_base.sail:56056.4-7:
56056 |    tmp : PMUSERENR_Type = value_name;
      |    ^-^
      | 
This variable is mutable, but it is never modified. It could be declared as immutable using 'let'.

Warning: Unnecessary mutability src/v8_base.sail:56064.4-7:
56064 |    tmp : DBGAUTHSTATUS_Type = value_name;
      |    ^-^
      | 
This variable is mutable, but it is never modified. It could be declared as immutable using 'let'.

Warning: Unnecessary mutability src/v8_base.sail:56072.4-7:
56072 |    tmp : ICC_IAR0_Type = value_name;
      |    ^-^
      | 
This variable is mutable, but it is never modified. It could be declared as immutable using 'let'.

Warning: Unnecessary mutability src/v8_base.sail:56080.4-7:
56080 |    tmp : ICV_IGRPEN0_Type = value_name;
      |    ^-^
      | 
This variable is mutable, but it is never modified. It could be declared as immutable using 'let'.

Warning: Unnecessary mutability src/v8_base.sail:56088.4-7:
56088 |    tmp : ICV_CTLR_Type = value_name;
      |    ^-^
      | 
This variable is mutable, but it is never modified. It could be declared as immutable using 'let'.

Warning: Unnecessary mutability src/v8_base.sail:56096.4-7:
56096 |    tmp : HPFAR_Type = value_name;
      |    ^-^
      | 
This variable is mutable, but it is never modified. It could be declared as immutable using 'let'.

Warning: Unnecessary mutability src/v8_base.sail:56104.4-7:
56104 |    tmp : DBGCLAIMCLR_Type = value_name;
      |    ^-^
      | 
This variable is mutable, but it is never modified. It could be declared as immutable using 'let'.

Warning: Unnecessary mutability src/v8_base.sail:56112.4-7:
56112 |    tmp : DBGWVR_Type = value_name;
      |    ^-^
      | 
This variable is mutable, but it is never modified. It could be declared as immutable using 'let'.

Warning: Unnecessary mutability src/v8_base.sail:56120.4-7:
56120 |    tmp : ICV_HPPIR1_Type = value_name;
      |    ^-^
      | 
This variable is mutable, but it is never modified. It could be declared as immutable using 'let'.

Warning: Unnecessary mutability src/v8_base.sail:56128.4-7:
56128 |    tmp : HRMR_Type = value_name;
      |    ^-^
      | 
This variable is mutable, but it is never modified. It could be declared as immutable using 'let'.

Warning: Unnecessary mutability src/v8_base.sail:56136.4-7:
56136 |    tmp : ICH_VTR_Type = value_name;
      |    ^-^
      | 
This variable is mutable, but it is never modified. It could be declared as immutable using 'let'.

Warning: Unnecessary mutability src/v8_base.sail:56144.4-7:
56144 |    tmp : CSSELR_Type = value_name;
      |    ^-^
      | 
This variable is mutable, but it is never modified. It could be declared as immutable using 'let'.

Warning: Unnecessary mutability src/v8_base.sail:56152.4-7:
56152 |    tmp : CSSELR_Type = value_name;
      |    ^-^
      | 
This variable is mutable, but it is never modified. It could be declared as immutable using 'let'.

Warning: Unnecessary mutability src/v8_base.sail:56160.4-7:
56160 |    tmp : CSSELR_Type = value_name;
      |    ^-^
      | 
This variable is mutable, but it is never modified. It could be declared as immutable using 'let'.

Warning: Unnecessary mutability src/v8_base.sail:56168.4-7:
56168 |    tmp : JIDR_Type = value_name;
      |    ^-^
      | 
This variable is mutable, but it is never modified. It could be declared as immutable using 'let'.

Warning: Unnecessary mutability src/v8_base.sail:56190.4-7:
56190 |    tmp : DBGWCR_Type = value_name;
      |    ^-^
      | 
This variable is mutable, but it is never modified. It could be declared as immutable using 'let'.

Warning: Unnecessary mutability src/v8_base.sail:56198.4-7:
56198 |    tmp : ICH_VMCR_Type = value_name;
      |    ^-^
      | 
This variable is mutable, but it is never modified. It could be declared as immutable using 'let'.

Warning: Unnecessary mutability src/v8_base.sail:56206.4-7:
56206 |    tmp : DBGDEVID1_Type = value_name;
      |    ^-^
      | 
This variable is mutable, but it is never modified. It could be declared as immutable using 'let'.

Warning: Unnecessary mutability src/v8_base.sail:56214.4-7:
56214 |    tmp : ICC_BPR1_Type = value_name;
      |    ^-^
      | 
This variable is mutable, but it is never modified. It could be declared as immutable using 'let'.

Warning: Unnecessary mutability src/v8_base.sail:56222.4-7:
56222 |    tmp : ICC_BPR1_Type = value_name;
      |    ^-^
      | 
This variable is mutable, but it is never modified. It could be declared as immutable using 'let'.

Warning: Unnecessary mutability src/v8_base.sail:56230.4-7:
56230 |    tmp : ICC_BPR1_Type = value_name;
      |    ^-^
      | 
This variable is mutable, but it is never modified. It could be declared as immutable using 'let'.

Warning: Unnecessary mutability src/v8_base.sail:56238.4-7:
56238 |    tmp : ICV_RPR_Type = value_name;
      |    ^-^
      | 
This variable is mutable, but it is never modified. It could be declared as immutable using 'let'.

Warning: Unnecessary mutability src/v8_base.sail:56246.4-7:
56246 |    tmp : VBAR_Type = value_name;
      |    ^-^
      | 
This variable is mutable, but it is never modified. It could be declared as immutable using 'let'.

Warning: Unnecessary mutability src/v8_base.sail:56254.4-7:
56254 |    tmp : VBAR_Type = value_name;
      |    ^-^
      | 
This variable is mutable, but it is never modified. It could be declared as immutable using 'let'.

Warning: Unnecessary mutability src/v8_base.sail:56262.4-7:
56262 |    tmp : VBAR_Type = value_name;
      |    ^-^
      | 
This variable is mutable, but it is never modified. It could be declared as immutable using 'let'.

Warning: Unnecessary mutability src/v8_base.sail:56270.4-7:
56270 |    tmp : ICV_IAR1_Type = value_name;
      |    ^-^
      | 
This variable is mutable, but it is never modified. It could be declared as immutable using 'let'.

Warning: Unnecessary mutability src/v8_base.sail:56278.4-7:
56278 |    tmp : DBGPRCR_Type = value_name;
      |    ^-^
      | 
This variable is mutable, but it is never modified. It could be declared as immutable using 'let'.

Warning: Unnecessary mutability src/v8_base.sail:56286.4-7:
56286 |    tmp : SDER_Type = value_name;
      |    ^-^
      | 
This variable is mutable, but it is never modified. It could be declared as immutable using 'let'.

Warning: Unnecessary mutability src/v8_base.sail:56294.4-7:
56294 |    tmp : ICC_BPR0_Type = value_name;
      |    ^-^
      | 
This variable is mutable, but it is never modified. It could be declared as immutable using 'let'.

Warning: Unnecessary mutability src/v8_base.sail:56302.4-7:
56302 |    tmp : CNTHCTL_Type = value_name;
      |    ^-^
      | 
This variable is mutable, but it is never modified. It could be declared as immutable using 'let'.

Warning: Unnecessary mutability src/v8_base.sail:56310.4-7:
56310 |    tmp : DBGVCR_Type = value_name;
      |    ^-^
      | 
This variable is mutable, but it is never modified. It could be declared as immutable using 'let'.

Warning: Unnecessary mutability src/v8_base.sail:56318.4-7:
56318 |    tmp : ICV_BPR1_Type = value_name;
      |    ^-^
      | 
This variable is mutable, but it is never modified. It could be declared as immutable using 'let'.

Warning: Unnecessary mutability src/v8_base.sail:56326.4-7:
56326 |    tmp : ICC_RPR_Type = value_name;
      |    ^-^
      | 
This variable is mutable, but it is never modified. It could be declared as immutable using 'let'.

Warning: Unnecessary mutability src/v8_base.sail:56334.4-7:
56334 |    tmp : ICC_MSRE_Type = value_name;
      |    ^-^
      | 
This variable is mutable, but it is never modified. It could be declared as immutable using 'let'.

Warning: Unnecessary mutability src/v8_base.sail:56342.4-7:
56342 |    tmp : PMMIR_Type = value_name;
      |    ^-^
      | 
This variable is mutable, but it is never modified. It could be declared as immutable using 'let'.

Warning: Unnecessary mutability src/v8_base.sail:56350.4-7:
56350 |    tmp : VMPIDR_Type = value_name;
      |    ^-^
      | 
This variable is mutable, but it is never modified. It could be declared as immutable using 'let'.

Warning: Unnecessary mutability src/v8_base.sail:56358.4-7:
56358 |    tmp : ICC_IGRPEN1_Type = value_name;
      |    ^-^
      | 
This variable is mutable, but it is never modified. It could be declared as immutable using 'let'.

Warning: Unnecessary mutability src/v8_base.sail:56366.4-7:
56366 |    tmp : ICC_IGRPEN1_Type = value_name;
      |    ^-^
      | 
This variable is mutable, but it is never modified. It could be declared as immutable using 'let'.

Warning: Unnecessary mutability src/v8_base.sail:56374.4-7:
56374 |    tmp : ICC_IGRPEN1_Type = value_name;
      |    ^-^
      | 
This variable is mutable, but it is never modified. It could be declared as immutable using 'let'.

Warning: Unnecessary mutability src/v8_base.sail:56382.4-7:
56382 |    tmp : HVBAR_Type = value_name;
      |    ^-^
      | 
This variable is mutable, but it is never modified. It could be declared as immutable using 'let'.

Warning: Unnecessary mutability src/v8_base.sail:56390.4-7:
56390 |    tmp : HSTR_Type = value_name;
      |    ^-^
      | 
This variable is mutable, but it is never modified. It could be declared as immutable using 'let'.

Warning: Unnecessary mutability src/v8_base.sail:56398.4-7:
56398 |    tmp : ICC_MCTLR_Type = value_name;
      |    ^-^
      | 
This variable is mutable, but it is never modified. It could be declared as immutable using 'let'.

Warning: Unnecessary mutability src/v8_base.sail:56406.4-7:
56406 |    tmp : PMSELR_Type = value_name;
      |    ^-^
      | 
This variable is mutable, but it is never modified. It could be declared as immutable using 'let'.

Warning: Unnecessary mutability src/v8_base.sail:56414.4-7:
56414 |    tmp : DBGCLAIMSET_Type = value_name;
      |    ^-^
      | 
This variable is mutable, but it is never modified. It could be declared as immutable using 'let'.

Warning: Unnecessary mutability src/v8_base.sail:56422.4-7:
56422 |    tmp : ICC_IGRPEN0_Type = value_name;
      |    ^-^
      | 
This variable is mutable, but it is never modified. It could be declared as immutable using 'let'.

Warning: Unnecessary mutability src/v8_base.sail:56430.4-7:
56430 |    tmp : ICC_CTLR_Type = value_name;
      |    ^-^
      | 
This variable is mutable, but it is never modified. It could be declared as immutable using 'let'.

Warning: Unnecessary mutability src/v8_base.sail:56438.4-7:
56438 |    tmp : ICC_CTLR_Type = value_name;
      |    ^-^
      | 
This variable is mutable, but it is never modified. It could be declared as immutable using 'let'.

Warning: Unnecessary mutability src/v8_base.sail:56446.4-7:
56446 |    tmp : ICC_CTLR_Type = value_name;
      |    ^-^
      | 
This variable is mutable, but it is never modified. It could be declared as immutable using 'let'.

Warning: Unnecessary mutability src/v8_base.sail:56454.4-7:
56454 |    tmp : SCR_Type = value_name;
      |    ^-^
      | 
This variable is mutable, but it is never modified. It could be declared as immutable using 'let'.

Warning: Unnecessary mutability src/v8_base.sail:56462.4-7:
56462 |    tmp : NSACR_Type = value_name;
      |    ^-^
      | 
This variable is mutable, but it is never modified. It could be declared as immutable using 'let'.

Warning: Unnecessary mutability src/v8_base.sail:56470.4-7:
56470 |    tmp : ICV_BPR0_Type = value_name;
      |    ^-^
      | 
This variable is mutable, but it is never modified. It could be declared as immutable using 'let'.

Warning: Unnecessary mutability src/v8_base.sail:56478.4-7:
56478 |    tmp : ICH_EISR_Type = value_name;
      |    ^-^
      | 
This variable is mutable, but it is never modified. It could be declared as immutable using 'let'.

Warning: Unnecessary mutability src/v8_base.sail:56486.4-7:
56486 |    tmp : HDCR_Type = value_name;
      |    ^-^
      | 
This variable is mutable, but it is never modified. It could be declared as immutable using 'let'.

Warning: Unnecessary mutability src/v8_base.sail:56494.4-7:
56494 |    tmp : ICC_HSRE_Type = value_name;
      |    ^-^
      | 
This variable is mutable, but it is never modified. It could be declared as immutable using 'let'.

Warning: Unnecessary mutability src/v8_base.sail:56502.4-7:
56502 |    tmp : PMCCFILTR_Type = value_name;
      |    ^-^
      | 
This variable is mutable, but it is never modified. It could be declared as immutable using 'let'.

Warning: Unnecessary mutability src/v8_base.sail:56510.4-7:
56510 |    tmp : HTCR_Type = value_name;
      |    ^-^
      | 
This variable is mutable, but it is never modified. It could be declared as immutable using 'let'.

Warning: Unnecessary mutability src/v8_base.sail:56518.4-7:
56518 |    tmp : ICC_PMR_Type = value_name;
      |    ^-^
      | 
This variable is mutable, but it is never modified. It could be declared as immutable using 'let'.

Warning: Unnecessary mutability src/v8_base.sail:56526.4-7:
56526 |    tmp : ICH_HCR_Type = value_name;
      |    ^-^
      | 
This variable is mutable, but it is never modified. It could be declared as immutable using 'let'.

Warning: Unnecessary mutability src/v8_base.sail:56534.4-7:
56534 |    tmp : RMR_Type = value_name;
      |    ^-^
      | 
This variable is mutable, but it is never modified. It could be declared as immutable using 'let'.

Warning: Unnecessary mutability src/v8_base.sail:56542.4-7:
56542 |    tmp : ICC_HPPIR0_Type = value_name;
      |    ^-^
      | 
This variable is mutable, but it is never modified. It could be declared as immutable using 'let'.

Warning: Unnecessary mutability src/v8_base.sail:56550.4-7:
56550 |    tmp : TTBCR2_Type = value_name;
      |    ^-^
      | 
This variable is mutable, but it is never modified. It could be declared as immutable using 'let'.

Warning: Unnecessary mutability src/v8_base.sail:56558.4-7:
56558 |    tmp : TTBCR2_Type = value_name;
      |    ^-^
      | 
This variable is mutable, but it is never modified. It could be declared as immutable using 'let'.

Warning: Unnecessary mutability src/v8_base.sail:56566.4-7:
56566 |    tmp : TTBCR2_Type = value_name;
      |    ^-^
      | 
This variable is mutable, but it is never modified. It could be declared as immutable using 'let'.

Warning: Unnecessary mutability src/v8_base.sail:56574.4-7:
56574 |    tmp : FCSEIDR_Type = value_name;
      |    ^-^
      | 
This variable is mutable, but it is never modified. It could be declared as immutable using 'let'.

Warning: Unnecessary mutability src/v8_base.sail:56582.4-7:
56582 |    tmp : JMCR_Type = value_name;
      |    ^-^
      | 
This variable is mutable, but it is never modified. It could be declared as immutable using 'let'.

Warning: Unnecessary mutability src/v8_base.sail:56590.4-7:
56590 |    tmp : CNTKCTL_Type = value_name;
      |    ^-^
      | 
This variable is mutable, but it is never modified. It could be declared as immutable using 'let'.

Warning: Unnecessary mutability src/v8_base.sail:56598.4-7:
56598 |    tmp : ICV_PMR_Type = value_name;
      |    ^-^
      | 
This variable is mutable, but it is never modified. It could be declared as immutable using 'let'.

Warning: Unnecessary mutability src/v8_base.sail:56606.4-7:
56606 |    tmp : ICV_HPPIR0_Type = value_name;
      |    ^-^
      | 
This variable is mutable, but it is never modified. It could be declared as immutable using 'let'.

Warning: Unnecessary mutability src/v8_base.sail:56614.4-7:
56614 |    tmp : DBGBCR_Type = value_name;
      |    ^-^
      | 
This variable is mutable, but it is never modified. It could be declared as immutable using 'let'.

Warning: Unnecessary mutability src/v8_base.sail:56622.4-7:
56622 |    tmp : DBGWFAR_Type = value_name;
      |    ^-^
      | 
This variable is mutable, but it is never modified. It could be declared as immutable using 'let'.

Warning: Unnecessary mutability src/v8_base.sail:56644.4-7:
56644 |    tmp : VTCR_Type = value_name;
      |    ^-^
      | 
This variable is mutable, but it is never modified. It could be declared as immutable using 'let'.

Warning: Unnecessary mutability src/v8_base.sail:56652.4-7:
56652 |    tmp : ICC_MGRPEN1_Type = value_name;
      |    ^-^
      | 
This variable is mutable, but it is never modified. It could be declared as immutable using 'let'.

Warning: Unnecessary mutability src/v8_base.sail:56660.4-7:
56660 |    tmp : CCSIDR2_Type = value_name;
      |    ^-^
      | 
This variable is mutable, but it is never modified. It could be declared as immutable using 'let'.

Warning: Unnecessary mutability src/v8_base.sail:56668.4-7:
56668 |    tmp : ICH_MISR_Type = value_name;
      |    ^-^
      | 
This variable is mutable, but it is never modified. It could be declared as immutable using 'let'.

Warning: Unnecessary mutability src/v8_base.sail:56687.4-7:
56687 |    tmp : ICV_IAR0_Type = value_name;
      |    ^-^
      | 
This variable is mutable, but it is never modified. It could be declared as immutable using 'let'.

Warning: Unnecessary mutability src/v8_base.sail:56695.4-7:
56695 |    tmp : ISR_Type = value_name;
      |    ^-^
      | 
This variable is mutable, but it is never modified. It could be declared as immutable using 'let'.

Warning: Unnecessary mutability src/v8_base.sail:56745.4-7:
56745 |    tmp : DBGDSCRint_Type = value_name;
      |    ^-^
      | 
This variable is mutable, but it is never modified. It could be declared as immutable using 'let'.

Warning: Unnecessary mutability src/v8_base.sail:56753.4-7:
56753 |    tmp : DBGDCCINT_Type = value_name;
      |    ^-^
      | 
This variable is mutable, but it is never modified. It could be declared as immutable using 'let'.

Warning: Unnecessary mutability src/v8_base.sail:56761.4-7:
56761 |    tmp : DBGDSCRext_Type = value_name;
      |    ^-^
      | 
This variable is mutable, but it is never modified. It could be declared as immutable using 'let'.

Warning: Unnecessary mutability src/v8_base.sail:56769.4-7:
56769 |    tmp : IFSR_Type = value_name;
      |    ^-^
      | 
This variable is mutable, but it is never modified. It could be declared as immutable using 'let'.

Warning: Unnecessary mutability src/v8_base.sail:56777.4-7:
56777 |    tmp : IFSR_Type = value_name;
      |    ^-^
      | 
This variable is mutable, but it is never modified. It could be declared as immutable using 'let'.

Warning: Unnecessary mutability src/v8_base.sail:56785.4-7:
56785 |    tmp : IFSR_Type = value_name;
      |    ^-^
      | 
This variable is mutable, but it is never modified. It could be declared as immutable using 'let'.

Warning: Unnecessary mutability src/v8_base.sail:56793.4-7:
56793 |    tmp : DBGDIDR_Type = value_name;
      |    ^-^
      | 
This variable is mutable, but it is never modified. It could be declared as immutable using 'let'.

Warning: Unnecessary mutability src/v8_base.sail:56801.4-7:
56801 |    tmp : CNTP_CTL_Type = value_name;
      |    ^-^
      | 
This variable is mutable, but it is never modified. It could be declared as immutable using 'let'.

Warning: Unnecessary mutability src/v8_base.sail:56809.4-7:
56809 |    tmp : CNTP_CTL_Type = value_name;
      |    ^-^
      | 
This variable is mutable, but it is never modified. It could be declared as immutable using 'let'.

Warning: Unnecessary mutability src/v8_base.sail:56817.4-7:
56817 |    tmp : CNTP_CTL_Type = value_name;
      |    ^-^
      | 
This variable is mutable, but it is never modified. It could be declared as immutable using 'let'.

Warning: Unnecessary mutability src/v8_base.sail:56825.4-7:
56825 |    tmp : HTRFCR_Type = value_name;
      |    ^-^
      | 
This variable is mutable, but it is never modified. It could be declared as immutable using 'let'.

Warning: Unnecessary mutability src/v8_base.sail:56833.4-7:
56833 |    tmp : PMEVTYPER_Type = value_name;
      |    ^-^
      | 
This variable is mutable, but it is never modified. It could be declared as immutable using 'let'.

Warning: Unnecessary mutability src/v8_base.sail:56841.4-7:
56841 |    tmp : CNTV_CTL_Type = value_name;
      |    ^-^
      | 
This variable is mutable, but it is never modified. It could be declared as immutable using 'let'.

Warning: Unnecessary mutability src/v8_base.sail:56849.4-7:
56849 |    tmp : DBGOSLSR_Type = value_name;
      |    ^-^
      | 
This variable is mutable, but it is never modified. It could be declared as immutable using 'let'.

Warning: Unnecessary mutability src/v8_base.sail:56857.4-7:
56857 |    tmp : TRFCR_Type = value_name;
      |    ^-^
      | 
This variable is mutable, but it is never modified. It could be declared as immutable using 'let'.

Warning: Unnecessary mutability src/v8_base.sail:56865.4-7:
56865 |    tmp : CNTHP_CTL_Type = value_name;
      |    ^-^
      | 
This variable is mutable, but it is never modified. It could be declared as immutable using 'let'.

Warning: Unnecessary mutability src/v8_base.sail:56873.4-7:
56873 |    tmp : DBGDEVID2_Type = value_name;
      |    ^-^
      | 
This variable is mutable, but it is never modified. It could be declared as immutable using 'let'.

Warning: Unnecessary mutability src/v8_base.sail:56881.4-7:
56881 |    tmp : MPIDR_Type = value_name;
      |    ^-^
      | 
This variable is mutable, but it is never modified. It could be declared as immutable using 'let'.

Warning: Unnecessary mutability src/v8_base.sail:56889.4-7:
56889 |    tmp : ICH_LRC_Type = value_name;
      |    ^-^
      | 
This variable is mutable, but it is never modified. It could be declared as immutable using 'let'.

Warning: Unnecessary mutability src/v8_base.sail:56897.4-7:
56897 |    tmp : DSPSR2_Type = value_name;
      |    ^-^
      | 
This variable is mutable, but it is never modified. It could be declared as immutable using 'let'.

Warning: Unnecessary mutability src/v8_base.sail:56905.4-7:
56905 |    tmp : ICC_HPPIR1_Type = value_name;
      |    ^-^
      | 
This variable is mutable, but it is never modified. It could be declared as immutable using 'let'.

Warning: Unnecessary mutability src/v8_base.sail:56913.4-7:
56913 |    tmp : ICC_SRE_Type = value_name;
      |    ^-^
      | 
This variable is mutable, but it is never modified. It could be declared as immutable using 'let'.

Warning: Unnecessary mutability src/v8_base.sail:56921.4-7:
56921 |    tmp : ICC_SRE_Type = value_name;
      |    ^-^
      | 
This variable is mutable, but it is never modified. It could be declared as immutable using 'let'.

Warning: Unnecessary mutability src/v8_base.sail:56929.4-7:
56929 |    tmp : ICC_SRE_Type = value_name;
      |    ^-^
      | 
This variable is mutable, but it is never modified. It could be declared as immutable using 'let'.

Warning: Unnecessary mutability src/v8_base.sail:56937.4-7:
56937 |    tmp : SDCR_Type = value_name;
      |    ^-^
      | 
This variable is mutable, but it is never modified. It could be declared as immutable using 'let'.

Warning: Unnecessary mutability src/v8_base.sail:56945.4-7:
56945 |    tmp : AMEVTYPER0_Type = value_name;
      |    ^-^
      | 
This variable is mutable, but it is never modified. It could be declared as immutable using 'let'.

Warning: Unnecessary mutability src/v8_base.sail:56953.4-7:
56953 |    tmp : AMUSERENR_Type = value_name;
      |    ^-^
      | 
This variable is mutable, but it is never modified. It could be declared as immutable using 'let'.

Warning: Unnecessary mutability src/v8_base.sail:56961.4-7:
56961 |    tmp : AMEVTYPER1_Type = value_name;
      |    ^-^
      | 
This variable is mutable, but it is never modified. It could be declared as immutable using 'let'.

Warning: Unnecessary mutability src/v8_base.sail:56969.4-7:
56969 |    tmp : AMCGCR_Type = value_name;
      |    ^-^
      | 
This variable is mutable, but it is never modified. It could be declared as immutable using 'let'.

Warning: Unnecessary mutability src/v8_base.sail:56977.4-7:
56977 |    tmp : AMCFGR_Type = value_name;
      |    ^-^
      | 
This variable is mutable, but it is never modified. It could be declared as immutable using 'let'.

Warning: Unnecessary mutability src/v8_base.sail:56985.4-7:
56985 |    tmp : AMCNTENCLR1_Type = value_name;
      |    ^-^
      | 
This variable is mutable, but it is never modified. It could be declared as immutable using 'let'.

Warning: Unnecessary mutability src/v8_base.sail:56993.4-7:
56993 |    tmp : AMCNTENSET0_Type = value_name;
      |    ^-^
      | 
This variable is mutable, but it is never modified. It could be declared as immutable using 'let'.

Warning: Unnecessary mutability src/v8_base.sail:57001.4-7:
57001 |    tmp : AMCNTENCLR0_Type = value_name;
      |    ^-^
      | 
This variable is mutable, but it is never modified. It could be declared as immutable using 'let'.

Warning: Unnecessary mutability src/v8_base.sail:57009.4-7:
57009 |    tmp : AMCNTENSET1_Type = value_name;
      |    ^-^
      | 
This variable is mutable, but it is never modified. It could be declared as immutable using 'let'.

Warning: Unnecessary mutability src/v8_base.sail:57017.4-7:
57017 |    tmp : AMCR_Type = value_name;
      |    ^-^
      | 
This variable is mutable, but it is never modified. It could be declared as immutable using 'let'.

Warning: Unnecessary mutability src/v8_base.sail:57025.4-7:
57025 |    tmp : ERRIDR_Type = value_name;
      |    ^-^
      | 
This variable is mutable, but it is never modified. It could be declared as immutable using 'let'.

Warning: Unnecessary mutability src/v8_base.sail:57033.4-7:
57033 |    tmp : ERRSELR_Type = value_name;
      |    ^-^
      | 
This variable is mutable, but it is never modified. It could be declared as immutable using 'let'.

Warning: Unnecessary mutability src/v8_base.sail:57041.4-7:
57041 |    tmp : DISR_Type = value_name;
      |    ^-^
      | 
This variable is mutable, but it is never modified. It could be declared as immutable using 'let'.

Warning: Unnecessary mutability src/v8_base.sail:57049.4-7:
57049 |    tmp : VDFSR_Type = value_name;
      |    ^-^
      | 
This variable is mutable, but it is never modified. It could be declared as immutable using 'let'.

Warning: Unnecessary mutability src/v8_base.sail:57057.4-7:
57057 |    tmp : VDISR_Type = value_name;
      |    ^-^
      | 
This variable is mutable, but it is never modified. It could be declared as immutable using 'let'.

Warning: Unnecessary mutability src/v8_base.sail:57065.4-7:
57065 |    tmp : PAR_EL1_Type = value_name;
      |    ^-^
      | 
This variable is mutable, but it is never modified. It could be declared as immutable using 'let'.

Warning: Unnecessary mutability src/v8_base.sail:57073.4-7:
57073 |    tmp : TTBR1_EL1_Type = value_name;
      |    ^-^
      | 
This variable is mutable, but it is never modified. It could be declared as immutable using 'let'.

Warning: Unnecessary mutability src/v8_base.sail:57081.4-7:
57081 |    tmp : TTBR0_EL2_Type = value_name;
      |    ^-^
      | 
This variable is mutable, but it is never modified. It could be declared as immutable using 'let'.

Warning: Unnecessary mutability src/v8_base.sail:57089.4-7:
57089 |    tmp : VTTBR_EL2_Type = value_name;
      |    ^-^
      | 
This variable is mutable, but it is never modified. It could be declared as immutable using 'let'.

Warning: Unnecessary mutability src/v8_base.sail:57097.4-7:
57097 |    tmp : TTBR0_EL1_Type = value_name;
      |    ^-^
      | 
This variable is mutable, but it is never modified. It could be declared as immutable using 'let'.

Warning: Unnecessary mutability src/v8_base.sail:57105.4-7:
57105 |    tmp : TTBR1_EL2_Type = value_name;
      |    ^-^
      | 
This variable is mutable, but it is never modified. It could be declared as immutable using 'let'.

Warning: Unnecessary mutability src/interrupts.sail:126.4-14:
126 |    allintmask : bits(1) = undefined;
    |    ^--------^
    | 
This variable is mutable, but it is never modified. It could be declared as immutable using 'let'.

Warning: Unnecessary mutability src/interrupts.sail:164.4-17:
164 |    mask_override : bits(3) = undefined;
    |    ^-----------^
    | 
This variable is mutable, but it is never modified. It could be declared as immutable using 'let'.

Warning: Unnecessary mutability src/interrupts.sail:221.4-18:
221 |    interrupt_pend : bool = undefined;
    |    ^------------^
    | 
This variable is mutable, but it is never modified. It could be declared as immutable using 'let'.

Warning: Unnecessary mutability src/sysregs.sail:259.4-5:
259 |    n : int = undefined;
    |    ^
    | 
This variable is mutable, but it is never modified. It could be declared as immutable using 'let'.

Warning: Unnecessary mutability src/sysregs.sail:258.4-9:
258 |    index : int = undefined;
    |    ^---^
    | 
This variable is mutable, but it is never modified. It could be declared as immutable using 'let'.

Warning: Unnecessary mutability src/sysregs.sail:524.4-5:
524 |    n : int = undefined;
    |    ^
    | 
This variable is mutable, but it is never modified. It could be declared as immutable using 'let'.

Warning: Unnecessary mutability src/sysregs.sail:824.4-16:
824 |    rcs_el0_trap : bool = undefined;
    |    ^----------^
    | 
This variable is mutable, but it is never modified. It could be declared as immutable using 'let'.

Warning: Unnecessary mutability src/sysregs.sail:966.4-5:
966 |    n : int = undefined;
    |    ^
    | 
This variable is mutable, but it is never modified. It could be declared as immutable using 'let'.

Warning: Unnecessary mutability src/sysregs.sail:965.4-9:
965 |    index : int = undefined;
    |    ^---^
    | 
This variable is mutable, but it is never modified. It could be declared as immutable using 'let'.

Warning: Unnecessary mutability src/sysregs.sail:1158.4-5:
1158 |    n : int = undefined;
     |    ^
     | 
This variable is mutable, but it is never modified. It could be declared as immutable using 'let'.

Warning: Unnecessary mutability src/sysregs.sail:1362.4-5:
1362 |    n : int = undefined;
     |    ^
     | 
This variable is mutable, but it is never modified. It could be declared as immutable using 'let'.

Warning: Unnecessary mutability src/instrs32.sail:2062.4-19:
2062 |    next_instr_addr : bits(32) = undefined;
     |    ^-------------^
     | 
This variable is mutable, but it is never modified. It could be declared as immutable using 'let'.

Warning: Unnecessary mutability src/instrs32.sail:4249.8-15:
4249 |        shift_t : SRType = undefined;
     |        ^-----^
     | 
This variable is mutable, but it is never modified. It could be declared as immutable using 'let'.

Warning: Unnecessary mutability src/instrs32.sail:4248.8-15:
4248 |        shift_n : int = undefined;
     |        ^-----^
     | 
This variable is mutable, but it is never modified. It could be declared as immutable using 'let'.

Warning: Unnecessary mutability src/instrs32.sail:4247.8-9:
4247 |        m : int = undefined;
     |        ^
     | 
This variable is mutable, but it is never modified. It could be declared as immutable using 'let'.

Warning: Unnecessary mutability src/instrs32.sail:4284.8-13:
4284 |        imm32 : bits(32) = undefined;
     |        ^---^
     | 
This variable is mutable, but it is never modified. It could be declared as immutable using 'let'.

Warning: Unnecessary mutability src/instrs32.sail:4322.8-15:
4322 |        shift_t : SRType = undefined;
     |        ^-----^
     | 
This variable is mutable, but it is never modified. It could be declared as immutable using 'let'.

Warning: Unnecessary mutability src/instrs32.sail:4321.8-15:
4321 |        shift_n : int = undefined;
     |        ^-----^
     | 
This variable is mutable, but it is never modified. It could be declared as immutable using 'let'.

Warning: Unnecessary mutability src/instrs32.sail:4320.8-9:
4320 |        m : int = undefined;
     |        ^
     | 
This variable is mutable, but it is never modified. It could be declared as immutable using 'let'.

Warning: Unnecessary mutability src/instrs32.sail:4356.4-8:
4356 |    data : bits(64) = undefined;
     |    ^--^
     | 
This variable is mutable, but it is never modified. It could be declared as immutable using 'let'.

Warning: Unnecessary mutability src/instrs32.sail:4469.4-8:
4469 |    data : bits(64) = undefined;
     |    ^--^
     | 
This variable is mutable, but it is never modified. It could be declared as immutable using 'let'.

Warning: Unnecessary mutability src/instrs32.sail:4559.4-8:
4559 |    data : bits(64) = undefined;
     |    ^--^
     | 
This variable is mutable, but it is never modified. It could be declared as immutable using 'let'.

Warning: Unnecessary mutability src/instrs32.sail:5277.8-15:
5277 |        shift_t : SRType = undefined;
     |        ^-----^
     | 
This variable is mutable, but it is never modified. It could be declared as immutable using 'let'.

Warning: Unnecessary mutability src/instrs32.sail:5276.8-15:
5276 |        shift_n : int = undefined;
     |        ^-----^
     | 
This variable is mutable, but it is never modified. It could be declared as immutable using 'let'.

Warning: Unnecessary mutability src/instrs32.sail:5275.8-9:
5275 |        m : int = undefined;
     |        ^
     | 
This variable is mutable, but it is never modified. It could be declared as immutable using 'let'.

Warning: Unnecessary mutability src/instrs32.sail:5311.8-13:
5311 |        imm32 : bits(32) = undefined;
     |        ^---^
     | 
This variable is mutable, but it is never modified. It could be declared as immutable using 'let'.

Warning: Unnecessary mutability src/instrs32.sail:5347.8-15:
5347 |        shift_t : SRType = undefined;
     |        ^-----^
     | 
This variable is mutable, but it is never modified. It could be declared as immutable using 'let'.

Warning: Unnecessary mutability src/instrs32.sail:5346.8-15:
5346 |        shift_n : int = undefined;
     |        ^-----^
     | 
This variable is mutable, but it is never modified. It could be declared as immutable using 'let'.

Warning: Unnecessary mutability src/instrs32.sail:5345.8-9:
5345 |        m : int = undefined;
     |        ^
     | 
This variable is mutable, but it is never modified. It could be declared as immutable using 'let'.

Warning: Unnecessary mutability src/instrs32.sail:6172.8-15:
6172 |        shift_t : SRType = undefined;
     |        ^-----^
     | 
This variable is mutable, but it is never modified. It could be declared as immutable using 'let'.

Warning: Unnecessary mutability src/instrs32.sail:6171.8-15:
6171 |        shift_n : int = undefined;
     |        ^-----^
     | 
This variable is mutable, but it is never modified. It could be declared as immutable using 'let'.

Warning: Unnecessary mutability src/instrs32.sail:6170.8-9:
6170 |        m : int = undefined;
     |        ^
     | 
This variable is mutable, but it is never modified. It could be declared as immutable using 'let'.

Warning: Unnecessary mutability src/instrs32.sail:6206.8-13:
6206 |        imm32 : bits(32) = undefined;
     |        ^---^
     | 
This variable is mutable, but it is never modified. It could be declared as immutable using 'let'.

Warning: Unnecessary mutability src/instrs32.sail:6242.8-15:
6242 |        shift_t : SRType = undefined;
     |        ^-----^
     | 
This variable is mutable, but it is never modified. It could be declared as immutable using 'let'.

Warning: Unnecessary mutability src/instrs32.sail:6241.8-15:
6241 |        shift_n : int = undefined;
     |        ^-----^
     | 
This variable is mutable, but it is never modified. It could be declared as immutable using 'let'.

Warning: Unnecessary mutability src/instrs32.sail:6240.8-9:
6240 |        m : int = undefined;
     |        ^
     | 
This variable is mutable, but it is never modified. It could be declared as immutable using 'let'.

Warning: Unnecessary mutability src/instrs32.sail:6622.8-15:
6622 |        shift_t : SRType = undefined;
     |        ^-----^
     | 
This variable is mutable, but it is never modified. It could be declared as immutable using 'let'.

Warning: Unnecessary mutability src/instrs32.sail:6621.8-15:
6621 |        shift_n : int = undefined;
     |        ^-----^
     | 
This variable is mutable, but it is never modified. It could be declared as immutable using 'let'.

Warning: Unnecessary mutability src/instrs32.sail:6620.8-9:
6620 |        m : int = undefined;
     |        ^
     | 
This variable is mutable, but it is never modified. It could be declared as immutable using 'let'.

Warning: Unnecessary mutability src/instrs32.sail:6656.8-13:
6656 |        imm32 : bits(32) = undefined;
     |        ^---^
     | 
This variable is mutable, but it is never modified. It could be declared as immutable using 'let'.

Warning: Unnecessary mutability src/instrs32.sail:6692.8-15:
6692 |        shift_t : SRType = undefined;
     |        ^-----^
     | 
This variable is mutable, but it is never modified. It could be declared as immutable using 'let'.

Warning: Unnecessary mutability src/instrs32.sail:6691.8-15:
6691 |        shift_n : int = undefined;
     |        ^-----^
     | 
This variable is mutable, but it is never modified. It could be declared as immutable using 'let'.

Warning: Unnecessary mutability src/instrs32.sail:6690.8-9:
6690 |        m : int = undefined;
     |        ^
     | 
This variable is mutable, but it is never modified. It could be declared as immutable using 'let'.

Warning: Unnecessary mutability src/instrs32.sail:6753.8-15:
6753 |        shift_t : SRType = undefined;
     |        ^-----^
     | 
This variable is mutable, but it is never modified. It could be declared as immutable using 'let'.

Warning: Unnecessary mutability src/instrs32.sail:6752.8-15:
6752 |        shift_n : int = undefined;
     |        ^-----^
     | 
This variable is mutable, but it is never modified. It could be declared as immutable using 'let'.

Warning: Unnecessary mutability src/instrs32.sail:6751.8-9:
6751 |        m : int = undefined;
     |        ^
     | 
This variable is mutable, but it is never modified. It could be declared as immutable using 'let'.

Warning: Unnecessary mutability src/instrs32.sail:6788.8-13:
6788 |        imm32 : bits(32) = undefined;
     |        ^---^
     | 
This variable is mutable, but it is never modified. It could be declared as immutable using 'let'.

Warning: Unnecessary mutability src/instrs32.sail:6826.8-15:
6826 |        shift_t : SRType = undefined;
     |        ^-----^
     | 
This variable is mutable, but it is never modified. It could be declared as immutable using 'let'.

Warning: Unnecessary mutability src/instrs32.sail:6825.8-15:
6825 |        shift_n : int = undefined;
     |        ^-----^
     | 
This variable is mutable, but it is never modified. It could be declared as immutable using 'let'.

Warning: Unnecessary mutability src/instrs32.sail:6824.8-9:
6824 |        m : int = undefined;
     |        ^
     | 
This variable is mutable, but it is never modified. It could be declared as immutable using 'let'.

Warning: Unnecessary mutability src/instrs32.sail:7367.8-13:
7367 |        carry : bits(1) = undefined;
     |        ^---^
     | 
This variable is mutable, but it is never modified. It could be declared as immutable using 'let'.

Warning: Unnecessary mutability src/instrs32.sail:7442.8-13:
7442 |        carry : bits(1) = undefined;
     |        ^---^
     | 
This variable is mutable, but it is never modified. It could be declared as immutable using 'let'.

Warning: Unnecessary mutability src/instrs32.sail:14030.8-15:
14030 |        shift_t : SRType = undefined;
      |        ^-----^
      | 
This variable is mutable, but it is never modified. It could be declared as immutable using 'let'.

Warning: Unnecessary mutability src/instrs32.sail:14029.8-15:
14029 |        shift_n : int = undefined;
      |        ^-----^
      | 
This variable is mutable, but it is never modified. It could be declared as immutable using 'let'.

Warning: Unnecessary mutability src/instrs32.sail:14028.8-9:
14028 |        m : int = undefined;
      |        ^
      | 
This variable is mutable, but it is never modified. It could be declared as immutable using 'let'.

Warning: Unnecessary mutability src/instrs32.sail:14065.8-13:
14065 |        imm32 : bits(32) = undefined;
      |        ^---^
      | 
This variable is mutable, but it is never modified. It could be declared as immutable using 'let'.

Warning: Unnecessary mutability src/instrs32.sail:14103.8-15:
14103 |        shift_t : SRType = undefined;
      |        ^-----^
      | 
This variable is mutable, but it is never modified. It could be declared as immutable using 'let'.

Warning: Unnecessary mutability src/instrs32.sail:14102.8-15:
14102 |        shift_n : int = undefined;
      |        ^-----^
      | 
This variable is mutable, but it is never modified. It could be declared as immutable using 'let'.

Warning: Unnecessary mutability src/instrs32.sail:14101.8-9:
14101 |        m : int = undefined;
      |        ^
      | 
This variable is mutable, but it is never modified. It could be declared as immutable using 'let'.

Warning: Unnecessary mutability src/instrs32.sail:14933.8-15:
14933 |        shift_t : SRType = undefined;
      |        ^-----^
      | 
This variable is mutable, but it is never modified. It could be declared as immutable using 'let'.

Warning: Unnecessary mutability src/instrs32.sail:14932.8-15:
14932 |        shift_n : int = undefined;
      |        ^-----^
      | 
This variable is mutable, but it is never modified. It could be declared as immutable using 'let'.

Warning: Unnecessary mutability src/instrs32.sail:14931.8-9:
14931 |        m : int = undefined;
      |        ^
      | 
This variable is mutable, but it is never modified. It could be declared as immutable using 'let'.

Warning: Unnecessary mutability src/instrs32.sail:14967.8-13:
14967 |        imm32 : bits(32) = undefined;
      |        ^---^
      | 
This variable is mutable, but it is never modified. It could be declared as immutable using 'let'.

Warning: Unnecessary mutability src/instrs32.sail:15003.8-15:
15003 |        shift_t : SRType = undefined;
      |        ^-----^
      | 
This variable is mutable, but it is never modified. It could be declared as immutable using 'let'.

Warning: Unnecessary mutability src/instrs32.sail:15002.8-15:
15002 |        shift_n : int = undefined;
      |        ^-----^
      | 
This variable is mutable, but it is never modified. It could be declared as immutable using 'let'.

Warning: Unnecessary mutability src/instrs32.sail:15001.8-9:
15001 |        m : int = undefined;
      |        ^
      | 
This variable is mutable, but it is never modified. It could be declared as immutable using 'let'.

Warning: Unnecessary mutability src/instrs32.sail:15378.8-15:
15378 |        shift_t : SRType = undefined;
      |        ^-----^
      | 
This variable is mutable, but it is never modified. It could be declared as immutable using 'let'.

Warning: Unnecessary mutability src/instrs32.sail:15377.8-15:
15377 |        shift_n : int = undefined;
      |        ^-----^
      | 
This variable is mutable, but it is never modified. It could be declared as immutable using 'let'.

Warning: Unnecessary mutability src/instrs32.sail:15376.8-9:
15376 |        m : int = undefined;
      |        ^
      | 
This variable is mutable, but it is never modified. It could be declared as immutable using 'let'.

Warning: Unnecessary mutability src/instrs32.sail:15413.8-13:
15413 |        imm32 : bits(32) = undefined;
      |        ^---^
      | 
This variable is mutable, but it is never modified. It could be declared as immutable using 'let'.

Warning: Unnecessary mutability src/instrs32.sail:15451.8-15:
15451 |        shift_t : SRType = undefined;
      |        ^-----^
      | 
This variable is mutable, but it is never modified. It could be declared as immutable using 'let'.

Warning: Unnecessary mutability src/instrs32.sail:15450.8-15:
15450 |        shift_n : int = undefined;
      |        ^-----^
      | 
This variable is mutable, but it is never modified. It could be declared as immutable using 'let'.

Warning: Unnecessary mutability src/instrs32.sail:15449.8-9:
15449 |        m : int = undefined;
      |        ^
      | 
This variable is mutable, but it is never modified. It could be declared as immutable using 'let'.

Warning: Unnecessary mutability src/instrs32.sail:19338.4-5:
19338 |    d : int = d__arg;
      |    ^
      | 
This variable is mutable, but it is never modified. It could be declared as immutable using 'let'.

Warning: Unnecessary mutability src/instrs32.sail:19508.4-5:
19508 |    d : int = d__arg;
      |    ^
      | 
This variable is mutable, but it is never modified. It could be declared as immutable using 'let'.

Warning: Unnecessary mutability src/instrs32.sail:19621.4-5:
19621 |    d : int = d__arg;
      |    ^
      | 
This variable is mutable, but it is never modified. It could be declared as immutable using 'let'.

Warning: Unnecessary mutability src/instrs32.sail:19791.4-5:
19791 |    d : int = d__arg;
      |    ^
      | 
This variable is mutable, but it is never modified. It could be declared as immutable using 'let'.

Warning: Unnecessary mutability src/instrs32.sail:19866.8-12:
19866 |        regs : int = undefined;
      |        ^--^
      | 
This variable is mutable, but it is never modified. It could be declared as immutable using 'let'.

Warning: Unnecessary mutability src/instrs32.sail:19865.8-16:
19865 |        elements : int = undefined;
      |        ^------^
      | 
This variable is mutable, but it is never modified. It could be declared as immutable using 'let'.

Warning: Unnecessary mutability src/instrs32.sail:19864.8-22:
19864 |        floating_point : bool = undefined;
      |        ^------------^
      | 
This variable is mutable, but it is never modified. It could be declared as immutable using 'let'.

Warning: Unnecessary mutability src/instrs32.sail:19966.8-12:
19966 |        regs : int = undefined;
      |        ^--^
      | 
This variable is mutable, but it is never modified. It could be declared as immutable using 'let'.

Warning: Unnecessary mutability src/instrs32.sail:19965.8-16:
19965 |        elements : int = undefined;
      |        ^------^
      | 
This variable is mutable, but it is never modified. It could be declared as immutable using 'let'.

Warning: Unnecessary mutability src/instrs32.sail:19964.8-22:
19964 |        floating_point : bool = undefined;
      |        ^------------^
      | 
This variable is mutable, but it is never modified. It could be declared as immutable using 'let'.

Warning: Unnecessary mutability src/instrs32.sail:20024.4-5:
20024 |    d : int = d__arg;
      |    ^
      | 
This variable is mutable, but it is never modified. It could be declared as immutable using 'let'.

Warning: Unnecessary mutability src/instrs32.sail:20150.4-5:
20150 |    d : int = d__arg;
      |    ^
      | 
This variable is mutable, but it is never modified. It could be declared as immutable using 'let'.

Warning: Unnecessary mutability src/instrs32.sail:20227.8-12:
20227 |        regs : int = undefined;
      |        ^--^
      | 
This variable is mutable, but it is never modified. It could be declared as immutable using 'let'.

Warning: Unnecessary mutability src/instrs32.sail:20226.8-16:
20226 |        elements : int = undefined;
      |        ^------^
      | 
This variable is mutable, but it is never modified. It could be declared as immutable using 'let'.

Warning: Unnecessary mutability src/instrs32.sail:20342.8-12:
20342 |        regs : int = undefined;
      |        ^--^
      | 
This variable is mutable, but it is never modified. It could be declared as immutable using 'let'.

Warning: Unnecessary mutability src/instrs32.sail:20341.8-16:
20341 |        elements : int = undefined;
      |        ^------^
      | 
This variable is mutable, but it is never modified. It could be declared as immutable using 'let'.

Warning: Unnecessary mutability src/instrs32.sail:20406.4-5:
20406 |    d : int = d__arg;
      |    ^
      | 
This variable is mutable, but it is never modified. It could be declared as immutable using 'let'.

Warning: Unnecessary mutability src/instrs32.sail:20484.4-5:
20484 |    d : int = d__arg;
      |    ^
      | 
This variable is mutable, but it is never modified. It could be declared as immutable using 'let'.

Warning: Unnecessary mutability src/instrs32.sail:20560.4-5:
20560 |    d : int = d__arg;
      |    ^
      | 
This variable is mutable, but it is never modified. It could be declared as immutable using 'let'.

Warning: Unnecessary mutability src/instrs32.sail:21023.4-5:
21023 |    d : int = d__arg;
      |    ^
      | 
This variable is mutable, but it is never modified. It could be declared as immutable using 'let'.

Warning: Unnecessary mutability src/instrs32.sail:21123.4-5:
21123 |    d : int = d__arg;
      |    ^
      | 
This variable is mutable, but it is never modified. It could be declared as immutable using 'let'.

Warning: Unnecessary mutability src/instrs32.sail:21318.4-5:
21318 |    d : int = d__arg;
      |    ^
      | 
This variable is mutable, but it is never modified. It could be declared as immutable using 'let'.

Warning: Unnecessary mutability src/instrs32.sail:21418.4-5:
21418 |    d : int = d__arg;
      |    ^
      | 
This variable is mutable, but it is never modified. It could be declared as immutable using 'let'.

Warning: Unnecessary mutability src/instrs32.sail:21624.4-5:
21624 |    d : int = d__arg;
      |    ^
      | 
This variable is mutable, but it is never modified. It could be declared as immutable using 'let'.

Warning: Unnecessary mutability src/instrs32.sail:21724.4-5:
21724 |    d : int = d__arg;
      |    ^
      | 
This variable is mutable, but it is never modified. It could be declared as immutable using 'let'.

Warning: Unnecessary mutability src/instrs32.sail:21930.4-5:
21930 |    d : int = d__arg;
      |    ^
      | 
This variable is mutable, but it is never modified. It could be declared as immutable using 'let'.

Warning: Unnecessary mutability src/instrs32.sail:22030.4-5:
22030 |    d : int = d__arg;
      |    ^
      | 
This variable is mutable, but it is never modified. It could be declared as immutable using 'let'.

Warning: Unnecessary mutability src/instrs32.sail:22106.4-5:
22106 |    d : int = d__arg;
      |    ^
      | 
This variable is mutable, but it is never modified. It could be declared as immutable using 'let'.

Warning: Unnecessary mutability src/instrs32.sail:22206.4-5:
22206 |    d : int = d__arg;
      |    ^
      | 
This variable is mutable, but it is never modified. It could be declared as immutable using 'let'.

Warning: Unnecessary mutability src/instrs32.sail:22362.8-9:
22362 |        m : int = undefined;
      |        ^
      | 
This variable is mutable, but it is never modified. It could be declared as immutable using 'let'.

Warning: Unnecessary mutability src/instrs32.sail:22466.8-9:
22466 |        m : int = undefined;
      |        ^
      | 
This variable is mutable, but it is never modified. It could be declared as immutable using 'let'.

Warning: Unnecessary mutability src/instrs32.sail:22518.4-5:
22518 |    d : int = d__arg;
      |    ^
      | 
This variable is mutable, but it is never modified. It could be declared as immutable using 'let'.

Warning: Unnecessary mutability src/instrs32.sail:22761.4-5:
22761 |    d : int = d__arg;
      |    ^
      | 
This variable is mutable, but it is never modified. It could be declared as immutable using 'let'.

Warning: Unnecessary mutability src/instrs32.sail:22845.4-5:
22845 |    d : int = d__arg;
      |    ^
      | 
This variable is mutable, but it is never modified. It could be declared as immutable using 'let'.

Warning: Unnecessary mutability src/instrs32.sail:23166.4-5:
23166 |    d : int = d__arg;
      |    ^
      | 
This variable is mutable, but it is never modified. It could be declared as immutable using 'let'.

Warning: Unnecessary mutability src/instrs32.sail:23322.8-14:
23322 |        result : bits('size) = undefined;
      |        ^----^
      | 
This variable is mutable, but it is never modified. It could be declared as immutable using 'let'.

Warning: Unnecessary mutability src/instrs32.sail:23612.4-5:
23612 |    d : int = d__arg;
      |    ^
      | 
This variable is mutable, but it is never modified. It could be declared as immutable using 'let'.

Warning: Unnecessary mutability src/instrs32.sail:23737.4-5:
23737 |    d : int = d__arg;
      |    ^
      | 
This variable is mutable, but it is never modified. It could be declared as immutable using 'let'.

Warning: Unnecessary mutability src/instrs32.sail:24014.4-8:
24014 |    op64 : bits(64) = undefined;
      |    ^--^
      | 
This variable is mutable, but it is never modified. It could be declared as immutable using 'let'.

Warning: Unnecessary mutability src/instrs32.sail:24013.4-8:
24013 |    op32 : bits(32) = undefined;
      |    ^--^
      | 
This variable is mutable, but it is never modified. It could be declared as immutable using 'let'.

Warning: Unnecessary mutability src/instrs32.sail:24012.4-8:
24012 |    op16 : bits(16) = undefined;
      |    ^--^
      | 
This variable is mutable, but it is never modified. It could be declared as immutable using 'let'.

Warning: Unnecessary mutability src/instrs32.sail:24011.4-5:
24011 |    d : int = d__arg;
      |    ^
      | 
This variable is mutable, but it is never modified. It could be declared as immutable using 'let'.

Warning: Unnecessary mutability src/instrs32.sail:24105.8-12:
24105 |        regs : int = undefined;
      |        ^--^
      | 
This variable is mutable, but it is never modified. It could be declared as immutable using 'let'.

Warning: Unnecessary mutability src/instrs32.sail:24104.8-16:
24104 |        elements : int = undefined;
      |        ^------^
      | 
This variable is mutable, but it is never modified. It could be declared as immutable using 'let'.

Warning: Unnecessary mutability src/instrs32.sail:24103.8-22:
24103 |        floating_point : bool = undefined;
      |        ^------------^
      | 
This variable is mutable, but it is never modified. It could be declared as immutable using 'let'.

Warning: Unnecessary mutability src/instrs32.sail:24226.8-12:
24226 |        regs : int = undefined;
      |        ^--^
      | 
This variable is mutable, but it is never modified. It could be declared as immutable using 'let'.

Warning: Unnecessary mutability src/instrs32.sail:24225.8-16:
24225 |        elements : int = undefined;
      |        ^------^
      | 
This variable is mutable, but it is never modified. It could be declared as immutable using 'let'.

Warning: Unnecessary mutability src/instrs32.sail:24224.8-22:
24224 |        floating_point : bool = undefined;
      |        ^------------^
      | 
This variable is mutable, but it is never modified. It could be declared as immutable using 'let'.

Warning: Unnecessary mutability src/instrs32.sail:24295.4-8:
24295 |    op64 : bits(64) = undefined;
      |    ^--^
      | 
This variable is mutable, but it is never modified. It could be declared as immutable using 'let'.

Warning: Unnecessary mutability src/instrs32.sail:24294.4-8:
24294 |    op32 : bits(32) = undefined;
      |    ^--^
      | 
This variable is mutable, but it is never modified. It could be declared as immutable using 'let'.

Warning: Unnecessary mutability src/instrs32.sail:24293.4-8:
24293 |    op16 : bits(16) = undefined;
      |    ^--^
      | 
This variable is mutable, but it is never modified. It could be declared as immutable using 'let'.

Warning: Unnecessary mutability src/instrs32.sail:24444.4-5:
24444 |    d : int = d__arg;
      |    ^
      | 
This variable is mutable, but it is never modified. It could be declared as immutable using 'let'.

Warning: Unnecessary mutability src/instrs32.sail:24540.4-5:
24540 |    d : int = d__arg;
      |    ^
      | 
This variable is mutable, but it is never modified. It could be declared as immutable using 'let'.

Warning: Unnecessary mutability src/instrs32.sail:24892.4-5:
24892 |    d : int = d__arg;
      |    ^
      | 
This variable is mutable, but it is never modified. It could be declared as immutable using 'let'.

Warning: Unnecessary mutability src/instrs32.sail:25228.4-6:
25228 |    d2 : int = d2__arg;
      |    ^^
      | 
This variable is mutable, but it is never modified. It could be declared as immutable using 'let'.

Warning: Unnecessary mutability src/instrs32.sail:25227.4-5:
25227 |    d : int = d__arg;
      |    ^
      | 
This variable is mutable, but it is never modified. It could be declared as immutable using 'let'.

Warning: Unnecessary mutability src/instrs32.sail:25577.4-6:
25577 |    d2 : int = d2__arg;
      |    ^^
      | 
This variable is mutable, but it is never modified. It could be declared as immutable using 'let'.

Warning: Unnecessary mutability src/instrs32.sail:25576.4-5:
25576 |    d : int = d__arg;
      |    ^
      | 
This variable is mutable, but it is never modified. It could be declared as immutable using 'let'.

Warning: Unnecessary mutability src/instrs32.sail:25772.4-6:
25772 |    d3 : int = d3__arg;
      |    ^^
      | 
This variable is mutable, but it is never modified. It could be declared as immutable using 'let'.

Warning: Unnecessary mutability src/instrs32.sail:25771.4-6:
25771 |    d2 : int = d2__arg;
      |    ^^
      | 
This variable is mutable, but it is never modified. It could be declared as immutable using 'let'.

Warning: Unnecessary mutability src/instrs32.sail:25770.4-5:
25770 |    d : int = d__arg;
      |    ^
      | 
This variable is mutable, but it is never modified. It could be declared as immutable using 'let'.

Warning: Unnecessary mutability src/instrs32.sail:26125.4-6:
26125 |    d3 : int = d3__arg;
      |    ^^
      | 
This variable is mutable, but it is never modified. It could be declared as immutable using 'let'.

Warning: Unnecessary mutability src/instrs32.sail:26124.4-6:
26124 |    d2 : int = d2__arg;
      |    ^^
      | 
This variable is mutable, but it is never modified. It could be declared as immutable using 'let'.

Warning: Unnecessary mutability src/instrs32.sail:26123.4-5:
26123 |    d : int = d__arg;
      |    ^
      | 
This variable is mutable, but it is never modified. It could be declared as immutable using 'let'.

Warning: Unnecessary mutability src/instrs32.sail:26258.4-6:
26258 |    d4 : int = d4__arg;
      |    ^^
      | 
This variable is mutable, but it is never modified. It could be declared as immutable using 'let'.

Warning: Unnecessary mutability src/instrs32.sail:26257.4-6:
26257 |    d3 : int = d3__arg;
      |    ^^
      | 
This variable is mutable, but it is never modified. It could be declared as immutable using 'let'.

Warning: Unnecessary mutability src/instrs32.sail:26256.4-6:
26256 |    d2 : int = d2__arg;
      |    ^^
      | 
This variable is mutable, but it is never modified. It could be declared as immutable using 'let'.

Warning: Unnecessary mutability src/instrs32.sail:26255.4-5:
26255 |    d : int = d__arg;
      |    ^
      | 
This variable is mutable, but it is never modified. It could be declared as immutable using 'let'.

Warning: Unnecessary mutability src/instrs32.sail:26665.4-6:
26665 |    d4 : int = d4__arg;
      |    ^^
      | 
This variable is mutable, but it is never modified. It could be declared as immutable using 'let'.

Warning: Unnecessary mutability src/instrs32.sail:26664.4-6:
26664 |    d3 : int = d3__arg;
      |    ^^
      | 
This variable is mutable, but it is never modified. It could be declared as immutable using 'let'.

Warning: Unnecessary mutability src/instrs32.sail:26663.4-6:
26663 |    d2 : int = d2__arg;
      |    ^^
      | 
This variable is mutable, but it is never modified. It could be declared as immutable using 'let'.

Warning: Unnecessary mutability src/instrs32.sail:26662.4-5:
26662 |    d : int = d__arg;
      |    ^
      | 
This variable is mutable, but it is never modified. It could be declared as immutable using 'let'.

Warning: Unnecessary mutability src/instrs32.sail:27011.4-9:
27011 |    word2 : bits(32) = undefined;
      |    ^---^
      | 
This variable is mutable, but it is never modified. It could be declared as immutable using 'let'.

Warning: Unnecessary mutability src/instrs32.sail:27010.4-9:
27010 |    word1 : bits(32) = undefined;
      |    ^---^
      | 
This variable is mutable, but it is never modified. It could be declared as immutable using 'let'.

Warning: Unnecessary mutability src/instrs32.sail:27131.4-5:
27131 |    d : int = d__arg;
      |    ^
      | 
This variable is mutable, but it is never modified. It could be declared as immutable using 'let'.

Warning: Unnecessary mutability src/instrs32.sail:27252.4-5:
27252 |    d : int = d__arg;
      |    ^
      | 
This variable is mutable, but it is never modified. It could be declared as immutable using 'let'.

Warning: Unnecessary mutability src/instrs32.sail:27352.4-12:
27352 |    addend64 : bits(64) = undefined;
      |    ^------^
      | 
This variable is mutable, but it is never modified. It could be declared as immutable using 'let'.

Warning: Unnecessary mutability src/instrs32.sail:27351.4-12:
27351 |    addend32 : bits(32) = undefined;
      |    ^------^
      | 
This variable is mutable, but it is never modified. It could be declared as immutable using 'let'.

Warning: Unnecessary mutability src/instrs32.sail:27350.4-12:
27350 |    addend16 : bits(16) = undefined;
      |    ^------^
      | 
This variable is mutable, but it is never modified. It could be declared as immutable using 'let'.

Warning: Unnecessary mutability src/instrs32.sail:27348.4-5:
27348 |    d : int = d__arg;
      |    ^
      | 
This variable is mutable, but it is never modified. It could be declared as immutable using 'let'.

Warning: Unnecessary mutability src/instrs32.sail:27447.8-12:
27447 |        regs : int = undefined;
      |        ^--^
      | 
This variable is mutable, but it is never modified. It could be declared as immutable using 'let'.

Warning: Unnecessary mutability src/instrs32.sail:27446.8-16:
27446 |        elements : int = undefined;
      |        ^------^
      | 
This variable is mutable, but it is never modified. It could be declared as immutable using 'let'.

Warning: Unnecessary mutability src/instrs32.sail:27445.8-22:
27445 |        floating_point : bool = undefined;
      |        ^------------^
      | 
This variable is mutable, but it is never modified. It could be declared as immutable using 'let'.

Warning: Unnecessary mutability src/instrs32.sail:27568.8-12:
27568 |        regs : int = undefined;
      |        ^--^
      | 
This variable is mutable, but it is never modified. It could be declared as immutable using 'let'.

Warning: Unnecessary mutability src/instrs32.sail:27567.8-16:
27567 |        elements : int = undefined;
      |        ^------^
      | 
This variable is mutable, but it is never modified. It could be declared as immutable using 'let'.

Warning: Unnecessary mutability src/instrs32.sail:27566.8-22:
27566 |        floating_point : bool = undefined;
      |        ^------------^
      | 
This variable is mutable, but it is never modified. It could be declared as immutable using 'let'.

Warning: Unnecessary mutability src/instrs32.sail:27635.4-5:
27635 |    d : int = d__arg;
      |    ^
      | 
This variable is mutable, but it is never modified. It could be declared as immutable using 'let'.

Warning: Unnecessary mutability src/instrs32.sail:27809.4-5:
27809 |    d : int = d__arg;
      |    ^
      | 
This variable is mutable, but it is never modified. It could be declared as immutable using 'let'.

Warning: Unnecessary mutability src/instrs32.sail:28300.8-13:
28300 |        imm32 : bits(32) = undefined;
      |        ^---^
      | 
This variable is mutable, but it is never modified. It could be declared as immutable using 'let'.

Warning: Unnecessary mutability src/instrs32.sail:28350.8-13:
28350 |        imm16 : bits(16) = undefined;
      |        ^---^
      | 
This variable is mutable, but it is never modified. It could be declared as immutable using 'let'.

Warning: Unnecessary mutability src/instrs32.sail:28398.8-13:
28398 |        imm32 : bits(32) = undefined;
      |        ^---^
      | 
This variable is mutable, but it is never modified. It could be declared as immutable using 'let'.

Warning: Unnecessary mutability src/instrs32.sail:28436.8-13:
28436 |        imm32 : bits(32) = undefined;
      |        ^---^
      | 
This variable is mutable, but it is never modified. It could be declared as immutable using 'let'.

Warning: Unnecessary mutability src/instrs32.sail:28474.8-13:
28474 |        imm32 : bits(32) = undefined;
      |        ^---^
      | 
This variable is mutable, but it is never modified. It could be declared as immutable using 'let'.

Warning: Unnecessary mutability src/instrs32.sail:28512.8-13:
28512 |        imm32 : bits(32) = undefined;
      |        ^---^
      | 
This variable is mutable, but it is never modified. It could be declared as immutable using 'let'.

Warning: Unnecessary mutability src/instrs32.sail:28561.8-13:
28561 |        imm16 : bits(16) = undefined;
      |        ^---^
      | 
This variable is mutable, but it is never modified. It could be declared as immutable using 'let'.

Warning: Unnecessary mutability src/instrs32.sail:28608.8-13:
28608 |        imm32 : bits(32) = undefined;
      |        ^---^
      | 
This variable is mutable, but it is never modified. It could be declared as immutable using 'let'.

Warning: Unnecessary mutability src/instrs32.sail:28646.8-13:
28646 |        imm32 : bits(32) = undefined;
      |        ^---^
      | 
This variable is mutable, but it is never modified. It could be declared as immutable using 'let'.

Warning: Unnecessary mutability src/instrs32.sail:28684.8-13:
28684 |        imm32 : bits(32) = undefined;
      |        ^---^
      | 
This variable is mutable, but it is never modified. It could be declared as immutable using 'let'.

Warning: Unnecessary mutability src/instrs32.sail:28723.4-5:
28723 |    d : int = d__arg;
      |    ^
      | 
This variable is mutable, but it is never modified. It could be declared as immutable using 'let'.

Warning: Unnecessary mutability src/instrs32.sail:28807.4-5:
28807 |    d : int = d__arg;
      |    ^
      | 
This variable is mutable, but it is never modified. It could be declared as immutable using 'let'.

Warning: Unnecessary mutability src/instrs32.sail:29053.4-5:
29053 |    d : int = d__arg;
      |    ^
      | 
This variable is mutable, but it is never modified. It could be declared as immutable using 'let'.

Warning: Unnecessary mutability src/instrs32.sail:29504.4-5:
29504 |    d : int = d__arg;
      |    ^
      | 
This variable is mutable, but it is never modified. It could be declared as immutable using 'let'.

Warning: Unnecessary mutability src/instrs32.sail:29582.8-12:
29582 |        regs : int = undefined;
      |        ^--^
      | 
This variable is mutable, but it is never modified. It could be declared as immutable using 'let'.

Warning: Unnecessary mutability src/instrs32.sail:29581.8-16:
29581 |        elements : int = undefined;
      |        ^------^
      | 
This variable is mutable, but it is never modified. It could be declared as immutable using 'let'.

Warning: Unnecessary mutability src/instrs32.sail:29580.8-22:
29580 |        floating_point : bool = undefined;
      |        ^------------^
      | 
This variable is mutable, but it is never modified. It could be declared as immutable using 'let'.

Warning: Unnecessary mutability src/instrs32.sail:29699.8-12:
29699 |        regs : int = undefined;
      |        ^--^
      | 
This variable is mutable, but it is never modified. It could be declared as immutable using 'let'.

Warning: Unnecessary mutability src/instrs32.sail:29698.8-16:
29698 |        elements : int = undefined;
      |        ^------^
      | 
This variable is mutable, but it is never modified. It could be declared as immutable using 'let'.

Warning: Unnecessary mutability src/instrs32.sail:29697.8-22:
29697 |        floating_point : bool = undefined;
      |        ^------------^
      | 
This variable is mutable, but it is never modified. It could be declared as immutable using 'let'.

Warning: Unnecessary mutability src/instrs32.sail:29764.4-5:
29764 |    d : int = d__arg;
      |    ^
      | 
This variable is mutable, but it is never modified. It could be declared as immutable using 'let'.

Warning: Unnecessary mutability src/instrs32.sail:29981.4-5:
29981 |    d : int = d__arg;
      |    ^
      | 
This variable is mutable, but it is never modified. It could be declared as immutable using 'let'.

Warning: Unnecessary mutability src/instrs32.sail:30500.4-5:
30500 |    d : int = d__arg;
      |    ^
      | 
This variable is mutable, but it is never modified. It could be declared as immutable using 'let'.

Warning: Unnecessary mutability src/instrs32.sail:30575.8-12:
30575 |        regs : int = undefined;
      |        ^--^
      | 
This variable is mutable, but it is never modified. It could be declared as immutable using 'let'.

Warning: Unnecessary mutability src/instrs32.sail:30574.8-16:
30574 |        elements : int = undefined;
      |        ^------^
      | 
This variable is mutable, but it is never modified. It could be declared as immutable using 'let'.

Warning: Unnecessary mutability src/instrs32.sail:30573.8-22:
30573 |        floating_point : bool = undefined;
      |        ^------------^
      | 
This variable is mutable, but it is never modified. It could be declared as immutable using 'let'.

Warning: Unnecessary mutability src/instrs32.sail:30675.8-12:
30675 |        regs : int = undefined;
      |        ^--^
      | 
This variable is mutable, but it is never modified. It could be declared as immutable using 'let'.

Warning: Unnecessary mutability src/instrs32.sail:30674.8-16:
30674 |        elements : int = undefined;
      |        ^------^
      | 
This variable is mutable, but it is never modified. It could be declared as immutable using 'let'.

Warning: Unnecessary mutability src/instrs32.sail:30673.8-22:
30673 |        floating_point : bool = undefined;
      |        ^------------^
      | 
This variable is mutable, but it is never modified. It could be declared as immutable using 'let'.

Warning: Unnecessary mutability src/instrs32.sail:30735.4-13:
30735 |    product64 : bits(64) = undefined;
      |    ^-------^
      | 
This variable is mutable, but it is never modified. It could be declared as immutable using 'let'.

Warning: Unnecessary mutability src/instrs32.sail:30734.4-13:
30734 |    product32 : bits(32) = undefined;
      |    ^-------^
      | 
This variable is mutable, but it is never modified. It could be declared as immutable using 'let'.

Warning: Unnecessary mutability src/instrs32.sail:30733.4-13:
30733 |    product16 : bits(16) = undefined;
      |    ^-------^
      | 
This variable is mutable, but it is never modified. It could be declared as immutable using 'let'.

Warning: Unnecessary mutability src/instrs32.sail:31302.4-5:
31302 |    d : int = d__arg;
      |    ^
      | 
This variable is mutable, but it is never modified. It could be declared as immutable using 'let'.

Warning: Unnecessary mutability src/instrs32.sail:31572.4-5:
31572 |    d : int = d__arg;
      |    ^
      | 
This variable is mutable, but it is never modified. It could be declared as immutable using 'let'.

Warning: Unnecessary mutability src/instrs32.sail:31865.4-5:
31865 |    d : int = d__arg;
      |    ^
      | 
This variable is mutable, but it is never modified. It could be declared as immutable using 'let'.

Warning: Unnecessary mutability src/instrs32.sail:31954.4-5:
31954 |    d : int = d__arg;
      |    ^
      | 
This variable is mutable, but it is never modified. It could be declared as immutable using 'let'.

Warning: Unnecessary mutability src/instrs32.sail:32047.4-5:
32047 |    d : int = d__arg;
      |    ^
      | 
This variable is mutable, but it is never modified. It could be declared as immutable using 'let'.

Warning: Unnecessary mutability src/instrs32.sail:32088.8-13:
32088 |        index : int = undefined;
      |        ^---^
      | 
This variable is mutable, but it is never modified. It could be declared as immutable using 'let'.

Warning: Unnecessary mutability src/instrs32.sail:32178.8-13:
32178 |        index : int = undefined;
      |        ^---^
      | 
This variable is mutable, but it is never modified. It could be declared as immutable using 'let'.

Warning: Unnecessary mutability src/instrs32.sail:32269.4-5:
32269 |    d : int = d__arg;
      |    ^
      | 
This variable is mutable, but it is never modified. It could be declared as immutable using 'let'.

Warning: Unnecessary mutability src/instrs32.sail:32310.8-13:
32310 |        index : int = undefined;
      |        ^---^
      | 
This variable is mutable, but it is never modified. It could be declared as immutable using 'let'.

Warning: Unnecessary mutability src/instrs32.sail:32400.8-13:
32400 |        index : int = undefined;
      |        ^---^
      | 
This variable is mutable, but it is never modified. It could be declared as immutable using 'let'.

Warning: Unnecessary mutability src/instrs32.sail:32491.4-5:
32491 |    d : int = d__arg;
      |    ^
      | 
This variable is mutable, but it is never modified. It could be declared as immutable using 'let'.

Warning: Unnecessary mutability src/instrs32.sail:32520.8-13:
32520 |        index : int = undefined;
      |        ^---^
      | 
This variable is mutable, but it is never modified. It could be declared as immutable using 'let'.

Warning: Unnecessary mutability src/instrs32.sail:32613.8-13:
32613 |        index : int = undefined;
      |        ^---^
      | 
This variable is mutable, but it is never modified. It could be declared as immutable using 'let'.

Warning: Unnecessary mutability src/instrs32.sail:32707.4-5:
32707 |    d : int = d__arg;
      |    ^
      | 
This variable is mutable, but it is never modified. It could be declared as immutable using 'let'.

Warning: Unnecessary mutability src/instrs32.sail:32734.8-13:
32734 |        index : int = undefined;
      |        ^---^
      | 
This variable is mutable, but it is never modified. It could be declared as immutable using 'let'.

Warning: Unnecessary mutability src/instrs32.sail:32820.8-13:
32820 |        index : int = undefined;
      |        ^---^
      | 
This variable is mutable, but it is never modified. It could be declared as immutable using 'let'.

Warning: Unnecessary mutability src/instrs32.sail:32907.4-5:
32907 |    d : int = d__arg;
      |    ^
      | 
This variable is mutable, but it is never modified. It could be declared as immutable using 'let'.

Warning: Unnecessary mutability src/instrs32.sail:32996.4-5:
32996 |    d : int = d__arg;
      |    ^
      | 
This variable is mutable, but it is never modified. It could be declared as immutable using 'let'.

Warning: Unnecessary mutability src/instrs32.sail:33085.4-5:
33085 |    d : int = d__arg;
      |    ^
      | 
This variable is mutable, but it is never modified. It could be declared as immutable using 'let'.

Warning: Unnecessary mutability src/instrs32.sail:33116.8-13:
33116 |        index : int = undefined;
      |        ^---^
      | 
This variable is mutable, but it is never modified. It could be declared as immutable using 'let'.

Warning: Unnecessary mutability src/instrs32.sail:33209.8-13:
33209 |        index : int = undefined;
      |        ^---^
      | 
This variable is mutable, but it is never modified. It could be declared as immutable using 'let'.

Warning: Unnecessary mutability src/instrs32.sail:33303.4-5:
33303 |    d : int = d__arg;
      |    ^
      | 
This variable is mutable, but it is never modified. It could be declared as immutable using 'let'.

Warning: Unnecessary mutability src/instrs32.sail:33335.4-9:
33335 |    index : int = undefined;
      |    ^---^
      | 
This variable is mutable, but it is never modified. It could be declared as immutable using 'let'.

Warning: Unnecessary mutability src/instrs32.sail:33430.4-9:
33430 |    index : int = undefined;
      |    ^---^
      | 
This variable is mutable, but it is never modified. It could be declared as immutable using 'let'.

Warning: Unnecessary mutability src/instrs32.sail:33533.4-5:
33533 |    d : int = d__arg;
      |    ^
      | 
This variable is mutable, but it is never modified. It could be declared as immutable using 'let'.

Warning: Unnecessary mutability src/instrs32.sail:33565.4-9:
33565 |    index : int = undefined;
      |    ^---^
      | 
This variable is mutable, but it is never modified. It could be declared as immutable using 'let'.

Warning: Unnecessary mutability src/instrs32.sail:33660.4-9:
33660 |    index : int = undefined;
      |    ^---^
      | 
This variable is mutable, but it is never modified. It could be declared as immutable using 'let'.

Warning: Unnecessary mutability src/instrs32.sail:33770.12-17:
33770 |            shift : int = SInt(Elem_read(D_read(n + r), e, esize)[7 .. 0]);
      |            ^---^
      | 
This variable is mutable, but it is never modified. It could be declared as immutable using 'let'.

Warning: Unnecessary mutability src/instrs32.sail:33763.4-5:
33763 |    d : int = d__arg;
      |    ^
      | 
This variable is mutable, but it is never modified. It could be declared as immutable using 'let'.

Warning: Unnecessary mutability src/instrs32.sail:33859.4-5:
33859 |    d : int = d__arg;
      |    ^
      | 
This variable is mutable, but it is never modified. It could be declared as immutable using 'let'.

Warning: Unnecessary mutability src/instrs32.sail:34004.4-5:
34004 |    d : int = d__arg;
      |    ^
      | 
This variable is mutable, but it is never modified. It could be declared as immutable using 'let'.

Warning: Unnecessary mutability src/instrs32.sail:34197.4-5:
34197 |    d : int = d__arg;
      |    ^
      | 
This variable is mutable, but it is never modified. It could be declared as immutable using 'let'.

Warning: Unnecessary mutability src/instrs32.sail:34292.4-5:
34292 |    d : int = d__arg;
      |    ^
      | 
This variable is mutable, but it is never modified. It could be declared as immutable using 'let'.

Warning: Unnecessary mutability src/instrs32.sail:34435.4-5:
34435 |    d : int = d__arg;
      |    ^
      | 
This variable is mutable, but it is never modified. It could be declared as immutable using 'let'.

Warning: Unnecessary mutability src/instrs32.sail:34528.4-5:
34528 |    d : int = d__arg;
      |    ^
      | 
This variable is mutable, but it is never modified. It could be declared as immutable using 'let'.

Warning: Unnecessary mutability src/instrs32.sail:34607.4-5:
34607 |    d : int = d__arg;
      |    ^
      | 
This variable is mutable, but it is never modified. It could be declared as immutable using 'let'.

Warning: Unnecessary mutability src/instrs32.sail:34721.4-5:
34721 |    d : int = d__arg;
      |    ^
      | 
This variable is mutable, but it is never modified. It could be declared as immutable using 'let'.

Warning: Unnecessary mutability src/instrs32.sail:34951.4-5:
34951 |    d : int = d__arg;
      |    ^
      | 
This variable is mutable, but it is never modified. It could be declared as immutable using 'let'.

Warning: Unnecessary mutability src/instrs32.sail:35049.12-17:
35049 |            shift : int = SInt(Elem_read(D_read(n + r), e, esize)[7 .. 0]);
      |            ^---^
      | 
This variable is mutable, but it is never modified. It could be declared as immutable using 'let'.

Warning: Unnecessary mutability src/instrs32.sail:35043.4-5:
35043 |    d : int = d__arg;
      |    ^
      | 
This variable is mutable, but it is never modified. It could be declared as immutable using 'let'.

Warning: Unnecessary mutability src/instrs32.sail:35132.4-5:
35132 |    d : int = d__arg;
      |    ^
      | 
This variable is mutable, but it is never modified. It could be declared as immutable using 'let'.

Warning: Unnecessary mutability src/instrs32.sail:35309.4-5:
35309 |    d : int = d__arg;
      |    ^
      | 
This variable is mutable, but it is never modified. It could be declared as immutable using 'let'.

Warning: Unnecessary mutability src/instrs32.sail:35432.4-5:
35432 |    d : int = d__arg;
      |    ^
      | 
This variable is mutable, but it is never modified. It could be declared as immutable using 'let'.

Warning: Unnecessary mutability src/instrs32.sail:35546.4-5:
35546 |    d : int = d__arg;
      |    ^
      | 
This variable is mutable, but it is never modified. It could be declared as immutable using 'let'.

Warning: Unnecessary mutability src/instrs32.sail:35655.4-5:
35655 |    d : int = d__arg;
      |    ^
      | 
This variable is mutable, but it is never modified. It could be declared as immutable using 'let'.

Warning: Unnecessary mutability src/instrs32.sail:35832.4-5:
35832 |    d : int = d__arg;
      |    ^
      | 
This variable is mutable, but it is never modified. It could be declared as immutable using 'let'.

Warning: Unnecessary mutability src/instrs32.sail:35911.4-5:
35911 |    d : int = d__arg;
      |    ^
      | 
This variable is mutable, but it is never modified. It could be declared as immutable using 'let'.

Warning: Unnecessary mutability src/instrs32.sail:36081.4-5:
36081 |    d : int = d__arg;
      |    ^
      | 
This variable is mutable, but it is never modified. It could be declared as immutable using 'let'.

Warning: Unnecessary mutability src/instrs32.sail:36271.4-5:
36271 |    d : int = d__arg;
      |    ^
      | 
This variable is mutable, but it is never modified. It could be declared as immutable using 'let'.

Warning: Unnecessary mutability src/instrs32.sail:36360.4-5:
36360 |    d : int = d__arg;
      |    ^
      | 
This variable is mutable, but it is never modified. It could be declared as immutable using 'let'.

Warning: Unnecessary mutability src/instrs32.sail:36536.4-5:
36536 |    d : int = d__arg;
      |    ^
      | 
This variable is mutable, but it is never modified. It could be declared as immutable using 'let'.

Warning: Unnecessary mutability src/instrs32.sail:36658.4-5:
36658 |    d : int = d__arg;
      |    ^
      | 
This variable is mutable, but it is never modified. It could be declared as immutable using 'let'.

Warning: Unnecessary mutability src/instrs32.sail:36957.4-5:
36957 |    d : int = d__arg;
      |    ^
      | 
This variable is mutable, but it is never modified. It could be declared as immutable using 'let'.

Warning: Unnecessary mutability src/instrs32.sail:37133.4-5:
37133 |    d : int = d__arg;
      |    ^
      | 
This variable is mutable, but it is never modified. It could be declared as immutable using 'let'.

Warning: Unnecessary mutability src/instrs32.sail:39470.4-5:
39470 |    d : int = d__arg;
      |    ^
      | 
This variable is mutable, but it is never modified. It could be declared as immutable using 'let'.

Warning: Unnecessary mutability src/instrs32.sail:39547.8-12:
39547 |        regs : int = undefined;
      |        ^--^
      | 
This variable is mutable, but it is never modified. It could be declared as immutable using 'let'.

Warning: Unnecessary mutability src/instrs32.sail:39546.8-16:
39546 |        elements : int = undefined;
      |        ^------^
      | 
This variable is mutable, but it is never modified. It could be declared as immutable using 'let'.

Warning: Unnecessary mutability src/instrs32.sail:39662.8-12:
39662 |        regs : int = undefined;
      |        ^--^
      | 
This variable is mutable, but it is never modified. It could be declared as immutable using 'let'.

Warning: Unnecessary mutability src/instrs32.sail:39661.8-16:
39661 |        elements : int = undefined;
      |        ^------^
      | 
This variable is mutable, but it is never modified. It could be declared as immutable using 'let'.

Warning: Unnecessary mutability src/instrs32.sail:39726.4-5:
39726 |    d : int = d__arg;
      |    ^
      | 
This variable is mutable, but it is never modified. It could be declared as immutable using 'let'.

Warning: Unnecessary mutability src/instrs32.sail:39804.4-5:
39804 |    d : int = d__arg;
      |    ^
      | 
This variable is mutable, but it is never modified. It could be declared as immutable using 'let'.

Warning: Unnecessary mutability src/instrs32.sail:39880.4-5:
39880 |    d : int = d__arg;
      |    ^
      | 
This variable is mutable, but it is never modified. It could be declared as immutable using 'let'.

Warning: Unnecessary mutability src/instrs32.sail:40047.4-5:
40047 |    d : int = d__arg;
      |    ^
      | 
This variable is mutable, but it is never modified. It could be declared as immutable using 'let'.

Warning: Unnecessary mutability src/instrs32.sail:40134.4-5:
40134 |    m : int = m__arg;
      |    ^
      | 
This variable is mutable, but it is never modified. It could be declared as immutable using 'let'.

Warning: Unnecessary mutability src/instrs32.sail:40133.4-5:
40133 |    d : int = d__arg;
      |    ^
      | 
This variable is mutable, but it is never modified. It could be declared as immutable using 'let'.

Warning: Unnecessary mutability src/instrs32.sail:40216.4-5:
40216 |    d : int = d__arg;
      |    ^
      | 
This variable is mutable, but it is never modified. It could be declared as immutable using 'let'.

Warning: Unnecessary mutability src/instrs32.sail:40305.4-12:
40305 |    zipped_q : bits(256) = undefined;
      |    ^------^
      | 
This variable is mutable, but it is never modified. It could be declared as immutable using 'let'.

Warning: Unnecessary mutability src/instrs32.sail:40304.4-12:
40304 |    zipped_d : bits(128) = undefined;
      |    ^------^
      | 
This variable is mutable, but it is never modified. It could be declared as immutable using 'let'.

Warning: Unnecessary mutability src/instrs32.sail:40303.4-5:
40303 |    m : int = m__arg;
      |    ^
      | 
This variable is mutable, but it is never modified. It could be declared as immutable using 'let'.

Warning: Unnecessary mutability src/instrs32.sail:40302.4-5:
40302 |    d : int = d__arg;
      |    ^
      | 
This variable is mutable, but it is never modified. It could be declared as immutable using 'let'.

Warning: Unnecessary mutability src/instrs32.sail:40760.4-8:
40760 |    mode : bits(5) = undefined;
      |    ^--^
      | 
This variable is mutable, but it is never modified. It could be declared as immutable using 'let'.

Warning: Unnecessary mutability src/instrs32.sail:40828.4-16:
40828 |    new_pc_value : ELR_hyp_Type = undefined;
      |    ^----------^
      | 
This variable is mutable, but it is never modified. It could be declared as immutable using 'let'.

Warning: Unnecessary mutability src/instrs32.sail:40959.4-16:
40959 |    new_pc_value : bits(32) = undefined;
      |    ^----------^
      | 
This variable is mutable, but it is never modified. It could be declared as immutable using 'let'.

Warning: Unnecessary mutability src/instrs32.sail:40958.4-10:
40958 |    length : int = undefined;
      |    ^----^
      | 
This variable is mutable, but it is never modified. It could be declared as immutable using 'let'.

Warning: Unnecessary mutability src/instrs32.sail:41029.4-10:
41029 |    length : int = undefined;
      |    ^----^
      | 
This variable is mutable, but it is never modified. It could be declared as immutable using 'let'.

Warning: Unnecessary mutability src/instrs32.sail:41196.12-13:
41196 |            m : int = undefined;
      |            ^
      | 
This variable is mutable, but it is never modified. It could be declared as immutable using 'let'.

Warning: Unnecessary mutability src/instrs32.sail:41161.4-8:
41161 |    mode : bits(5) = undefined;
      |    ^--^
      | 
This variable is mutable, but it is never modified. It could be declared as immutable using 'let'.

Warning: Unnecessary mutability src/instrs32.sail:41340.12-13:
41340 |            m : int = undefined;
      |            ^
      | 
This variable is mutable, but it is never modified. It could be declared as immutable using 'let'.

Warning: Unnecessary mutability src/instrs32.sail:41305.4-8:
41305 |    mode : bits(5) = undefined;
      |    ^--^
      | 
This variable is mutable, but it is never modified. It could be declared as immutable using 'let'.

Warning: Unnecessary mutability src/instrs32.sail:41573.4-8:
41573 |    spsr : bits(32) = undefined;
      |    ^--^
      | 
This variable is mutable, but it is never modified. It could be declared as immutable using 'let'.

Warning: Unnecessary mutability src/instrs32.sail:41572.4-16:
41572 |    new_pc_value : bits(32) = undefined;
      |    ^----------^
      | 
This variable is mutable, but it is never modified. It could be declared as immutable using 'let'.

Warning: Unnecessary mutability src/instrs32.sail:41684.4-5:
41684 |    c : Constraint = undefined;
      |    ^
      | 
This variable is mutable, but it is never modified. It could be declared as immutable using 'let'.

Warning: Unnecessary mutability src/instrs32.sail:41898.4-10:
41898 |    length : int = undefined;
      |    ^----^
      | 
This variable is mutable, but it is never modified. It could be declared as immutable using 'let'.

Warning: Unnecessary mutability src/instrs32.sail:42555.4-7:
42555 |    tge : bits(1) = undefined;
      |    ^-^
      | 
This variable is mutable, but it is never modified. It could be declared as immutable using 'let'.

Warning: Unnecessary mutability src/instrs32.sail:42679.4-15:
42679 |    from_secure : bool = undefined;
      |    ^---------^
      | 
This variable is mutable, but it is never modified. It could be declared as immutable using 'let'.

Warning: Unnecessary mutability src/instrs32.sail:43634.4-7:
43634 |    op2 : bits(128) = Q_read((n >> 1));
      |    ^-^
      | 
This variable is mutable, but it is never modified. It could be declared as immutable using 'let'.

Warning: Unnecessary mutability src/instrs32.sail:44046.4-6:
44046 |    T1 : bits(64) = z[127 .. 64];
      |    ^^
      | 
This variable is mutable, but it is never modified. It could be declared as immutable using 'let'.

Warning: Unnecessary mutability src/instrs32.sail:44636.4-10:
44636 |    result : bits('esize) = undefined;
      |    ^----^
      | 
This variable is mutable, but it is never modified. It could be declared as immutable using 'let'.

Warning: Unnecessary mutability src/instrs32.sail:44634.4-5:
44634 |    d : int = d__arg;
      |    ^
      | 
This variable is mutable, but it is never modified. It could be declared as immutable using 'let'.

Warning: Unnecessary mutability src/instrs32.sail:44851.4-5:
44851 |    d : int = d__arg;
      |    ^
      | 
This variable is mutable, but it is never modified. It could be declared as immutable using 'let'.

Warning: Unnecessary mutability src/instrs32.sail:44945.4-8:
44945 |    regs : int = undefined;
      |    ^--^
      | 
This variable is mutable, but it is never modified. It could be declared as immutable using 'let'.

Warning: Unnecessary mutability src/instrs32.sail:44944.4-12:
44944 |    elements : int = undefined;
      |    ^------^
      | 
This variable is mutable, but it is never modified. It could be declared as immutable using 'let'.

Warning: Unnecessary mutability src/instrs32.sail:45051.4-8:
45051 |    regs : int = undefined;
      |    ^--^
      | 
This variable is mutable, but it is never modified. It could be declared as immutable using 'let'.

Warning: Unnecessary mutability src/instrs32.sail:45050.4-12:
45050 |    elements : int = undefined;
      |    ^------^
      | 
This variable is mutable, but it is never modified. It could be declared as immutable using 'let'.

Warning: Unnecessary mutability src/instrs32.sail:45112.4-5:
45112 |    d : int = d__arg;
      |    ^
      | 
This variable is mutable, but it is never modified. It could be declared as immutable using 'let'.

Warning: Unnecessary mutability src/instrs32.sail:45342.4-5:
45342 |    d : int = d__arg;
      |    ^
      | 
This variable is mutable, but it is never modified. It could be declared as immutable using 'let'.

Warning: Unnecessary mutability src/instrs32.sail:45572.4-5:
45572 |    d : int = d__arg;
      |    ^
      | 
This variable is mutable, but it is never modified. It could be declared as immutable using 'let'.

Warning: Unnecessary mutability src/instrs32.sail:46509.4-5:
46509 |    d : int = d__arg;
      |    ^
      | 
This variable is mutable, but it is never modified. It could be declared as immutable using 'let'.

Warning: Unnecessary mutability src/instrs32.sail:46643.4-5:
46643 |    d : int = d__arg;
      |    ^
      | 
This variable is mutable, but it is never modified. It could be declared as immutable using 'let'.

Warning: Unnecessary mutability src/instrs32.sail:46779.4-5:
46779 |    d : int = d__arg;
      |    ^
      | 
This variable is mutable, but it is never modified. It could be declared as immutable using 'let'.

Warning: Unnecessary mutability src/instrs32.sail:47336.4-11:
47336 |    operand : bits(128) = undefined;
      |    ^-----^
      | 
This variable is mutable, but it is never modified. It could be declared as immutable using 'let'.

Warning: Unnecessary mutability src/instrs64.sail:2834.8-11:
2834 |        sum : bits(32) = Elem_read(operand3, e, 32);
     |        ^-^
     | 
This variable is mutable, but it is never modified. It could be declared as immutable using 'let'.

Warning: Unnecessary mutability src/instrs64.sail:2883.8-11:
2883 |        sum : bits(32) = Elem_read(operand3, e, 32);
     |        ^-^
     | 
This variable is mutable, but it is never modified. It could be declared as immutable using 'let'.

Warning: Unnecessary mutability src/instrs64.sail:3214.4-11:
3214 |    operand : bits('datasize) = undefined;
     |    ^-----^
     | 
This variable is mutable, but it is never modified. It could be declared as immutable using 'let'.

Warning: Unnecessary mutability src/instrs64.sail:16853.4-10:
16853 |    intval : bits('intsize) = undefined;
      |    ^----^
      | 
This variable is mutable, but it is never modified. It could be declared as immutable using 'let'.

Warning: Unnecessary mutability src/instrs64.sail:28322.4-8:
28322 |    data : bits('datasize) = undefined;
      |    ^--^
      | 
This variable is mutable, but it is never modified. It could be declared as immutable using 'let'.

Warning: Unnecessary mutability src/instrs64.sail:32406.4-8:
32406 |    data : bits('datasize) = undefined;
      |    ^--^
      | 
This variable is mutable, but it is never modified. It could be declared as immutable using 'let'.

Warning: Unnecessary mutability src/instrs64.sail:32632.4-8:
32632 |    data : bits('size * 8) = undefined;
      |    ^--^
      | 
This variable is mutable, but it is never modified. It could be declared as immutable using 'let'.

Warning: Unnecessary mutability src/instrs64.sail:36259.4-8:
36259 |    data : bits('datasize) = undefined;
      |    ^--^
      | 
This variable is mutable, but it is never modified. It could be declared as immutable using 'let'.

Warning: Unnecessary mutability src/instrs64.sail:37391.4-8:
37391 |    data : bits('datasize) = undefined;
      |    ^--^
      | 
This variable is mutable, but it is never modified. It could be declared as immutable using 'let'.

Warning: Unnecessary mutability src/instrs64.sail:43885.4-10:
43885 |    result : bits(128) = operand2[63 .. 0] @ operand1[127 .. 64];
      |    ^----^
      | 
This variable is mutable, but it is never modified. It could be declared as immutable using 'let'.

Warning: Unnecessary mutability src/instrs64.sail:44053.4-6:
44053 |    T1 : bits(64) = operand3[127 .. 64];
      |    ^^
      | 
This variable is mutable, but it is never modified. It could be declared as immutable using 'let'.

Warning: Unnecessary mutability src/instrs64.sail:44100.4-11:
44100 |    MSigma1 : bits(64) = EOR(EOR(ROR(y[127 .. 64], 14), ROR(y[127 .. 64], 18)), ROR(y[127 .. 64], 41));
      |    ^-----^
      | 
This variable is mutable, but it is never modified. It could be declared as immutable using 'let'.

Warning: Unnecessary mutability src/instrs64.sail:44140.4-11:
44140 |    NSigma0 : bits(64) = EOR(EOR(ROR(y[63 .. 0], 28), ROR(y[63 .. 0], 34)), ROR(y[63 .. 0], 39));
      |    ^-----^
      | 
This variable is mutable, but it is never modified. It could be declared as immutable using 'let'.

Warning: Unnecessary mutability src/instrs64.sail:44178.4-8:
44178 |    sig0 : bits(64) = EOR(EOR(ROR(w[127 .. 64], 1), ROR(w[127 .. 64], 8)), 0b0000000 @ w[127 .. 71]);
      |    ^--^
      | 
This variable is mutable, but it is never modified. It could be declared as immutable using 'let'.

Warning: Unnecessary mutability src/instrs64.sail:44213.4-8:
44213 |    sig1 : bits(64) = EOR(EOR(ROR(x[127 .. 64], 19), ROR(x[127 .. 64], 61)), 0b000000 @ x[127 .. 70]);
      |    ^--^
      | 
This variable is mutable, but it is never modified. It could be declared as immutable using 'let'.

Warning: Unnecessary mutability src/instrs64.sail:44627.4-8:
44627 |    tmp2 : bits(32) = ROL(tmp[31 .. 0], 15);
      |    ^--^
      | 
This variable is mutable, but it is never modified. It could be declared as immutable using 'let'.

Warning: Unnecessary mutability src/instrs64.sail:44702.4-7:
44702 |    TT1 : bits(32) = EOR(Vd[63 .. 32], EOR(Vd[127 .. 96], Vd[95 .. 64]));
      |    ^-^
      | 
This variable is mutable, but it is never modified. It could be declared as immutable using 'let'.

Warning: Unnecessary mutability src/instrs64.sail:44745.4-7:
44745 |    TT1 : bits(32) = (Vd[127 .. 96] & Vd[63 .. 32] | Vd[127 .. 96] & Vd[95 .. 64]) | Vd[63 .. 32] & Vd[95 .. 64];
      |    ^-^
      | 
This variable is mutable, but it is never modified. It could be declared as immutable using 'let'.

Warning: Unnecessary mutability src/instrs64.sail:44787.4-7:
44787 |    TT2 : bits(32) = EOR(Vd[63 .. 32], EOR(Vd[127 .. 96], Vd[95 .. 64]));
      |    ^-^
      | 
This variable is mutable, but it is never modified. It could be declared as immutable using 'let'.

Warning: Unnecessary mutability src/instrs64.sail:44829.4-7:
44829 |    TT2 : bits(32) = Vd[127 .. 96] & Vd[95 .. 64] | not_vec(Vd[127 .. 96]) & Vd[63 .. 32];
      |    ^-^
      | 
This variable is mutable, but it is never modified. It could be declared as immutable using 'let'.

Warning: Unnecessary mutability src/instrs64.sail:48012.8-13:
48012 |        shift : int = SInt(Elem_read(operand2, e, esize)[7 .. 0]);
      |        ^---^
      | 
This variable is mutable, but it is never modified. It could be declared as immutable using 'let'.

Warning: Unnecessary mutability src/instrs64.sail:51472.4-12:
51472 |    operand1 : bits(64) = if n == 31 then SP_read() else X_read(n, 64);
      |    ^------^
      | 
This variable is mutable, but it is never modified. It could be declared as immutable using 'let'.

Warning: Unnecessary mutability src/instrs64.sail:51512.4-12:
51512 |    operand1 : bits(64) = if n == 31 then SP_read() else X_read(n, 64);
      |    ^------^
      | 
This variable is mutable, but it is never modified. It could be declared as immutable using 'let'.

Warning: Unnecessary mutability src/instrs64.sail:52320.4-15:
52320 |    IsEL1Regime : bool = undefined;
      |    ^---------^
      | 
This variable is mutable, but it is never modified. It could be declared as immutable using 'let'.

Warning: Unnecessary mutability src/instrs64_sve.sail:10219.8-11:
10219 |        sum : bits(32) = Elem_read(operand3, e, 32);
      |        ^-^
      | 
This variable is mutable, but it is never modified. It could be declared as immutable using 'let'.

Warning: Unnecessary mutability src/instrs64_sve.sail:10285.8-11:
10285 |        sum : bits(32) = Elem_read(operand3, e, 32);
      |        ^-^
      | 
This variable is mutable, but it is never modified. It could be declared as immutable using 'let'.

Warning: Unnecessary mutability src/instrs64_sve.sail:10350.8-11:
10350 |        sum : bits(32) = Elem_read(operand3, e, 32);
      |        ^-^
      | 
This variable is mutable, but it is never modified. It could be declared as immutable using 'let'.

Warning: Unnecessary mutability src/instrs64_sve.sail:10416.8-11:
10416 |        sum : bits(32) = Elem_read(operand3, e, 32);
      |        ^-^
      | 
This variable is mutable, but it is never modified. It could be declared as immutable using 'let'.

Warning: Unnecessary mutability src/instrs64_sve.sail:32701.12-19:
32701 |            element : int = SInt(Elem_read(operand, e, esize));
      |            ^-----^
      | 
This variable is mutable, but it is never modified. It could be declared as immutable using 'let'.

Warning: Unnecessary mutability src/instrs64_sve.sail:33165.12-19:
33165 |            element : int = SInt(Elem_read(operand, e, esize));
      |            ^-----^
      | 
This variable is mutable, but it is never modified. It could be declared as immutable using 'let'.

Warning: Unnecessary mutability src/instrs64_sve.sail:35298.12-19:
35298 |            element : int = SInt(Elem_read(operand, e, esize));
      |            ^-----^
      | 
This variable is mutable, but it is never modified. It could be declared as immutable using 'let'.

Warning: Unnecessary mutability src/instrs64_sve.sail:35365.12-19:
35365 |            element : int = SInt(Elem_read(operand, e, esize));
      |            ^-----^
      | 
This variable is mutable, but it is never modified. It could be declared as immutable using 'let'.

Warning: Unnecessary mutability src/instrs64_sve.sail:41468.12-17:
41468 |            shift : int = ShiftSat(SInt(Elem_read(operand2, e, esize)), esize);
      |            ^---^
      | 
This variable is mutable, but it is never modified. It could be declared as immutable using 'let'.

Warning: Unnecessary mutability src/instrs64_sve.sail:41548.12-17:
41548 |            shift : int = ShiftSat(SInt(Elem_read(operand2, e, esize)), esize);
      |            ^---^
      | 
This variable is mutable, but it is never modified. It could be declared as immutable using 'let'.

Warning: Unnecessary mutability src/instrs64_sve.sail:41628.12-17:
41628 |            shift : int = ShiftSat(SInt(Elem_read(operand2, e, esize)), esize);
      |            ^---^
      | 
This variable is mutable, but it is never modified. It could be declared as immutable using 'let'.

Warning: Unnecessary mutability src/instrs64_sve.sail:41708.12-17:
41708 |            shift : int = ShiftSat(SInt(Elem_read(operand2, e, esize)), esize);
      |            ^---^
      | 
This variable is mutable, but it is never modified. It could be declared as immutable using 'let'.

Warning: Unnecessary mutability src/instrs64_sve.sail:41788.12-17:
41788 |            shift : int = ShiftSat(SInt(Elem_read(operand2, e, esize)), esize);
      |            ^---^
      | 
This variable is mutable, but it is never modified. It could be declared as immutable using 'let'.

Warning: Unnecessary mutability src/instrs64_sve.sail:41868.12-17:
41868 |            shift : int = ShiftSat(SInt(Elem_read(operand2, e, esize)), esize);
      |            ^---^
      | 
This variable is mutable, but it is never modified. It could be declared as immutable using 'let'.

Warning: Unnecessary mutability src/instrs64_sve.sail:41948.12-17:
41948 |            shift : int = ShiftSat(SInt(Elem_read(operand2, e, esize)), esize);
      |            ^---^
      | 
This variable is mutable, but it is never modified. It could be declared as immutable using 'let'.

Warning: Unnecessary mutability src/instrs64_sve.sail:42028.12-17:
42028 |            shift : int = ShiftSat(SInt(Elem_read(operand2, e, esize)), esize);
      |            ^---^
      | 
This variable is mutable, but it is never modified. It could be declared as immutable using 'let'.

Warning: Unnecessary mutability src/instrs64_sve.sail:42108.12-17:
42108 |            shift : int = ShiftSat(SInt(Elem_read(operand2, e, esize)), esize);
      |            ^---^
      | 
This variable is mutable, but it is never modified. It could be declared as immutable using 'let'.

Warning: Unnecessary mutability src/instrs64_sve.sail:42188.12-17:
42188 |            shift : int = ShiftSat(SInt(Elem_read(operand2, e, esize)), esize);
      |            ^---^
      | 
This variable is mutable, but it is never modified. It could be declared as immutable using 'let'.

Warning: Unnecessary mutability src/instrs64_sve.sail:42268.12-17:
42268 |            shift : int = ShiftSat(SInt(Elem_read(operand2, e, esize)), esize);
      |            ^---^
      | 
This variable is mutable, but it is never modified. It could be declared as immutable using 'let'.

Warning: Unnecessary mutability src/instrs64_sve.sail:42348.12-17:
42348 |            shift : int = ShiftSat(SInt(Elem_read(operand2, e, esize)), esize);
      |            ^---^
      | 
This variable is mutable, but it is never modified. It could be declared as immutable using 'let'.

Warning: Unnecessary mutability src/instrs64_sve.sail:52486.8-15:
52486 |        sboxout : bits(8) = undefined;
      |        ^-----^
      | 
This variable is mutable, but it is never modified. It could be declared as immutable using 'let'.

Warning: Unnecessary mutability src/instrs64_sve.sail:52558.8-15:
52558 |        sboxout : bits(8) = undefined;
      |        ^-----^
      | 
This variable is mutable, but it is never modified. It could be declared as immutable using 'let'.

Warning: Unnecessary mutability src/instrs64_sve.sail:61329.4-8:
61329 |    base : bits(64) = undefined;
      |    ^--^
      | 
This variable is mutable, but it is never modified. It could be declared as immutable using 'let'.

Warning: Unnecessary mutability src/instrs64_sve.sail:61415.4-8:
61415 |    base : bits(64) = undefined;
      |    ^--^
      | 
This variable is mutable, but it is never modified. It could be declared as immutable using 'let'.

Warning: Unnecessary mutability src/instrs64_sve.sail:61501.4-8:
61501 |    base : bits(64) = undefined;
      |    ^--^
      | 
This variable is mutable, but it is never modified. It could be declared as immutable using 'let'.

Warning: Unnecessary mutability src/instrs64_sve.sail:61587.4-8:
61587 |    base : bits(64) = undefined;
      |    ^--^
      | 
This variable is mutable, but it is never modified. It could be declared as immutable using 'let'.

Warning: Unnecessary mutability src/instrs64_sve.sail:61673.4-8:
61673 |    base : bits(64) = undefined;
      |    ^--^
      | 
This variable is mutable, but it is never modified. It could be declared as immutable using 'let'.

Warning: Unnecessary mutability src/instrs64_sve.sail:61759.4-8:
61759 |    base : bits(64) = undefined;
      |    ^--^
      | 
This variable is mutable, but it is never modified. It could be declared as immutable using 'let'.

Warning: Unnecessary mutability src/instrs64_sve.sail:61845.4-8:
61845 |    base : bits(64) = undefined;
      |    ^--^
      | 
This variable is mutable, but it is never modified. It could be declared as immutable using 'let'.

Warning: Unnecessary mutability src/instrs64_sve.sail:61931.4-8:
61931 |    base : bits(64) = undefined;
      |    ^--^
      | 
This variable is mutable, but it is never modified. It could be declared as immutable using 'let'.

Warning: Unnecessary mutability src/instrs64_sve.sail:62017.4-8:
62017 |    base : bits(64) = undefined;
      |    ^--^
      | 
This variable is mutable, but it is never modified. It could be declared as immutable using 'let'.

Warning: Unnecessary mutability src/instrs64_sve.sail:62103.4-8:
62103 |    base : bits(64) = undefined;
      |    ^--^
      | 
This variable is mutable, but it is never modified. It could be declared as immutable using 'let'.

Warning: Unnecessary mutability src/instrs64_sve.sail:62189.4-8:
62189 |    base : bits(64) = undefined;
      |    ^--^
      | 
This variable is mutable, but it is never modified. It could be declared as immutable using 'let'.

Warning: Unnecessary mutability src/instrs64_sve.sail:62275.4-8:
62275 |    base : bits(64) = undefined;
      |    ^--^
      | 
This variable is mutable, but it is never modified. It could be declared as immutable using 'let'.

Warning: Unnecessary mutability src/instrs64_sve.sail:62361.4-8:
62361 |    base : bits(64) = undefined;
      |    ^--^
      | 
This variable is mutable, but it is never modified. It could be declared as immutable using 'let'.

Warning: Unnecessary mutability src/instrs64_sve.sail:62447.4-8:
62447 |    base : bits(64) = undefined;
      |    ^--^
      | 
This variable is mutable, but it is never modified. It could be declared as immutable using 'let'.

Warning: Unnecessary mutability src/instrs64_sve.sail:62533.4-8:
62533 |    base : bits(64) = undefined;
      |    ^--^
      | 
This variable is mutable, but it is never modified. It could be declared as immutable using 'let'.

Warning: Unnecessary mutability src/instrs64_sve.sail:62619.4-8:
62619 |    base : bits(64) = undefined;
      |    ^--^
      | 
This variable is mutable, but it is never modified. It could be declared as immutable using 'let'.

Warning: Unnecessary mutability src/instrs64_sme.sail:12971.12-15:
12971 |            sum : bits(32) = Elem_read(operand3, e, 32);
      |            ^-^
      | 
This variable is mutable, but it is never modified. It could be declared as immutable using 'let'.

Warning: Unnecessary mutability src/instrs64_sme.sail:13049.12-15:
13049 |            sum : bits(32) = Elem_read(operand3, e, 32);
      |            ^-^
      | 
This variable is mutable, but it is never modified. It could be declared as immutable using 'let'.

Warning: Unnecessary mutability src/instrs64_sme.sail:13127.12-15:
13127 |            sum : bits(32) = Elem_read(operand3, e, 32);
      |            ^-^
      | 
This variable is mutable, but it is never modified. It could be declared as immutable using 'let'.

Warning: Unnecessary mutability src/instrs64_sme.sail:13205.12-15:
13205 |            sum : bits(32) = Elem_read(operand3, e, 32);
      |            ^-^
      | 
This variable is mutable, but it is never modified. It could be declared as immutable using 'let'.

Warning: Unnecessary mutability src/instrs64_sme.sail:13283.12-15:
13283 |            sum : bits(32) = Elem_read(operand3, e, 32);
      |            ^-^
      | 
This variable is mutable, but it is never modified. It could be declared as immutable using 'let'.

Warning: Unnecessary mutability src/instrs64_sme.sail:13361.12-15:
13361 |            sum : bits(32) = Elem_read(operand3, e, 32);
      |            ^-^
      | 
This variable is mutable, but it is never modified. It could be declared as immutable using 'let'.

Warning: Unnecessary mutability src/instrs64_sme.sail:13439.12-15:
13439 |            sum : bits(32) = Elem_read(operand3, e, 32);
      |            ^-^
      | 
This variable is mutable, but it is never modified. It could be declared as immutable using 'let'.

Warning: Unnecessary mutability src/instrs64_sme.sail:13517.12-15:
13517 |            sum : bits(32) = Elem_read(operand3, e, 32);
      |            ^-^
      | 
This variable is mutable, but it is never modified. It could be declared as immutable using 'let'.

Warning: Unnecessary mutability src/instrs64_sme.sail:13598.12-15:
13598 |            sum : bits(32) = Elem_read(operand3, e, 32);
      |            ^-^
      | 
This variable is mutable, but it is never modified. It could be declared as immutable using 'let'.

Warning: Unnecessary mutability src/instrs64_sme.sail:13681.12-15:
13681 |            sum : bits(32) = Elem_read(operand3, e, 32);
      |            ^-^
      | 
This variable is mutable, but it is never modified. It could be declared as immutable using 'let'.

Warning: Unnecessary mutability src/instrs64_sme.sail:13764.12-15:
13764 |            sum : bits(32) = Elem_read(operand3, e, 32);
      |            ^-^
      | 
This variable is mutable, but it is never modified. It could be declared as immutable using 'let'.

Warning: Unnecessary mutability src/instrs64_sme.sail:13847.12-15:
13847 |            sum : bits(32) = Elem_read(operand3, e, 32);
      |            ^-^
      | 
This variable is mutable, but it is never modified. It could be declared as immutable using 'let'.

Warning: Unnecessary mutability src/instrs64_sme.sail:13931.12-15:
13931 |            sum : bits(32) = Elem_read(operand3, e, 32);
      |            ^-^
      | 
This variable is mutable, but it is never modified. It could be declared as immutable using 'let'.

Warning: Unnecessary mutability src/instrs64_sme.sail:14014.12-15:
14014 |            sum : bits(32) = Elem_read(operand3, e, 32);
      |            ^-^
      | 
This variable is mutable, but it is never modified. It could be declared as immutable using 'let'.

Warning: Unnecessary mutability src/instrs64_sme.sail:32127.12-17:
32127 |            shift : int = ShiftSat(SInt(Elem_read(operand2, e, esize)), esize);
      |            ^---^
      | 
This variable is mutable, but it is never modified. It could be declared as immutable using 'let'.

Warning: Unnecessary mutability src/instrs64_sme.sail:32198.12-17:
32198 |            shift : int = ShiftSat(SInt(Elem_read(operand2, e, esize)), esize);
      |            ^---^
      | 
This variable is mutable, but it is never modified. It could be declared as immutable using 'let'.

Warning: Unnecessary mutability src/instrs64_sme.sail:32269.12-17:
32269 |            shift : int = ShiftSat(SInt(Elem_read(operand2, e, esize)), esize);
      |            ^---^
      | 
This variable is mutable, but it is never modified. It could be declared as immutable using 'let'.

Warning: Unnecessary mutability src/instrs64_sme.sail:32340.12-17:
32340 |            shift : int = ShiftSat(SInt(Elem_read(operand2, e, esize)), esize);
      |            ^---^
      | 
This variable is mutable, but it is never modified. It could be declared as immutable using 'let'.

Warning: Unnecessary mutability src/instrs64_sme.sail:32411.12-17:
32411 |            shift : int = ShiftSat(SInt(Elem_read(operand2, e, esize)), esize);
      |            ^---^
      | 
This variable is mutable, but it is never modified. It could be declared as immutable using 'let'.

Warning: Unnecessary mutability src/instrs64_sme.sail:32482.12-17:
32482 |            shift : int = ShiftSat(SInt(Elem_read(operand2, e, esize)), esize);
      |            ^---^
      | 
This variable is mutable, but it is never modified. It could be declared as immutable using 'let'.

Warning: Unnecessary mutability src/instrs64_sme.sail:32553.12-17:
32553 |            shift : int = ShiftSat(SInt(Elem_read(operand2, e, esize)), esize);
      |            ^---^
      | 
This variable is mutable, but it is never modified. It could be declared as immutable using 'let'.

Warning: Unnecessary mutability src/instrs64_sme.sail:32624.12-17:
32624 |            shift : int = ShiftSat(SInt(Elem_read(operand2, e, esize)), esize);
      |            ^---^
      | 
This variable is mutable, but it is never modified. It could be declared as immutable using 'let'.

Warning: Unnecessary mutability src/fetch.sail:197.4-9:
197 |    isT16 : bool = undefined;
    |    ^---^
    | 
This variable is mutable, but it is never modified. It could be declared as immutable using 'let'.

Warning: Unnecessary mutability src/fetch.sail:196.4-7:
196 |    hw2 : bits(16) = undefined;
    |    ^-^
    | 
This variable is mutable, but it is never modified. It could be declared as immutable using 'let'.

Warning: Unnecessary mutability src/fetch.sail:195.4-7:
195 |    hw1 : bits(16) = undefined;
    |    ^-^
    | 
This variable is mutable, but it is never modified. It could be declared as immutable using 'let'.

Warning: Unnecessary mutability src/fetch.sail:344.4-19:
344 |    interrupt_taken : bool = undefined;
    |    ^-------------^
    | 
This variable is mutable, but it is never modified. It could be declared as immutable using 'let'.

Warning: Unnecessary mutability src/map_clauses.sail:255.4-14:
255 |    __TRBEBase = value_name[56 - 1 .. 0]
    |    ^--------^
    | 
This variable is mutable, but it is never modified. It could be declared as immutable using 'let'.

Profiled rewrite initial: 0.855237s
  SMT calls: 0, SMT time: 0.000000s











make: *** [Makefile:86: gen_lean] Terminated
